PurchaseDate,ProductID,ProductName,Category,Price,QuantitySold,Promotion,Discount,Rating,CustomerAge,CustomerGender,CustomerLocation
2022-01-01,1001,Badminton Set,Electronics,50.0,77,Yes,32,4.0,64,Female,Australia
2022-01-02,1002,Curtains,Electronics,196.0,38,Yes,45,0.0,24,Male,China
2022-01-03,1003,Hoodie,Beauty,336.0,8,No,4,0.0,36,Male,India
2022-01-04,1004,Mascara,Beauty,191.0,78,No,42,1.0,39,Male,Australia
2022-01-05,1005,Gaming Console,Sports,102.0,74,No,47,0.0,52,Female,Russia
2022-01-06,1006,Sofa,Home & Garden,353.0,1,No,33,5.0,47,Male,Brazil
2022-01-07,1007,Badminton Set,Electronics,118.0,50,No,39,1.0,46,Male,Russia
2022-01-08,1008,Jacket,Home & Garden,410.0,30,Yes,10,1.0,39,Female,Germany
2022-01-09,1009,Dining Table,Home & Garden,139.0,22,Yes,49,3.0,28,Female,France
2022-01-10,1010,T-Shirt,Beauty,495.0,39,Yes,2,1.0,37,Female,South Africa
2022-01-11,1011,T-Shirt,Sports,269.0,57,Yes,32,4.0,46,Male,Canada
2022-01-12,1012,Refrigerator,Clothing,499.0,95,Yes,10,3.0,58,Male,South Africa
2022-01-13,1013,Football,Sports,241.0,60,No,15,5.0,59,Female,Italy
2022-01-14,1014,Skateboard,Sports,112.0,75,No,17,5.0,51,Female,India
2022-01-15,1015,Refrigerator,Home & Garden,122.0,22,No,29,4.0,18,Male,Mexico
2022-01-16,1016,Tablet,Sports,210.0,70,No,47,4.0,48,Female,Russia
2022-01-17,1017,Bed,Electronics,218.0,13,Yes,9,5.0,47,Male,Japan
2022-01-18,1018,Laptop,Home & Garden,138.0,50,Yes,17,0.0,35,Female,Brazil
2022-01-19,1019,Refrigerator,Electronics,225.0,50,Yes,37,5.0,34,Female,Canada
2022-01-20,1020,Eyeshadow Palette,Clothing,318.0,87,No,18,5.0,55,Female,United Kingdom
2022-01-21,1021,Rug,Home & Garden,122.0,17,Yes,35,5.0,31,Male,South Africa
2022-01-22,1022,Golf Clubs,Clothing,294.0,47,No,12,4.0,40,Male,France
2022-01-23,1023,Laptop,Home & Garden,126.0,32,Yes,45,3.0,42,Female,South Africa
2022-01-24,1024,Sofa,Beauty,208.0,30,Yes,2,4.0,32,Male,United States
2022-01-25,1025,Yoga Mat,Sports,373.0,28,No,9,5.0,63,Female,Japan
2022-01-26,1026,Jeans,Beauty,147.0,75,Yes,37,1.0,39,Female,Spain
2022-01-27,1027,Bed,Clothing,430.0,38,Yes,0,5.0,20,Male,Germany
2022-01-28,1028,Eyeshadow Palette,Sports,151.0,6,No,26,3.0,36,Male,France
2022-01-29,1029,Microwave,Home & Garden,181.0,87,Yes,45,2.0,61,Male,Spain
2022-01-30,1030,Hair Dryer,Sports,151.0,59,No,7,2.0,51,Male,Australia
2022-01-31,1031,Vacuum Cleaner,Electronics,68.0,99,Yes,45,1.0,52,Female,China
2022-02-01,1032,Foundation,Sports,131.0,59,Yes,41,4.0,18,Male,Australia
2022-02-02,1033,Air Purifier,Electronics,446.0,87,Yes,16,3.0,38,Male,Russia
2022-02-03,1034,Sweater,Sports,221.0,54,Yes,8,0.0,46,Female,Australia
2022-02-04,1035,Hoodie,Electronics,388.0,63,Yes,5,4.0,23,Female,United Kingdom
2022-02-05,1036,Facial Cleanser,Clothing,414.0,74,Yes,42,0.0,54,Female,Russia
2022-02-06,1037,Eyeshadow Palette,Beauty,380.0,-6,Yes,24,4.0,18,Female,India
2022-02-07,1038,Tablet,Home & Garden,178.0,-9,Yes,38,5.0,18,Male,United States
2022-02-08,1039,Tennis Racket,Sports,393.0,11,No,48,5.0,44,Male,Japan
2022-02-09,1040,TV,Beauty,359.0,46,No,27,1.0,38,Female,Mexico
2022-02-10,1041,Sofa,Home & Garden,138.0,55,Yes,32,5.0,33,Female,India
2022-02-11,1042,Printer,Home & Garden,262.0,63,Yes,36,5.0,61,Male,France
2022-02-12,1043,Badminton Set,Electronics,192.0,87,No,8,2.0,57,Male,Spain
2022-02-13,1044,Shorts,Clothing,114.0,5,Yes,17,1.0,43,Male,Spain
2022-02-14,1045,Headphones,Clothing,125.0,40,Yes,20,4.0,33,Male,Australia
2022-02-15,1046,Microwave,Beauty,248.0,28,No,1,2.0,45,Male,United Kingdom
2022-02-16,1047,Shoes,Clothing,192.0,75,Yes,42,5.0,18,Female,South Africa
2022-02-17,1048,Nail Polish,Sports,454.0,65,Yes,37,3.0,53,Female,South Africa
2022-02-18,1049,Printer,Clothing,452.0,77,No,39,0.0,27,Female,Mexico
2022-02-19,1050,Coffee Maker,Beauty,365.0,29,Yes,35,4.0,60,Female,Russia
2022-02-20,1051,Laptop,Clothing,142.0,27,Yes,49,2.0,34,Male,France
2022-02-21,1052,Socks,Sports,466.0,49,No,42,2.0,40,Female,China
2022-02-22,1053,Air Purifier,Electronics,354.0,48,Yes,36,4.0,24,Male,United States
2022-02-23,1054,Facial Cleanser,Beauty,273.0,-1,No,14,5.0,61,Male,Japan
2022-02-24,1055,TV,Electronics,340.0,88,Yes,27,5.0,24,Male,China
2022-02-25,1056,Eyeshadow Palette,Electronics,477.0,53,Yes,17,3.0,61,Male,Russia
2022-02-26,1057,Gaming Console,Electronics,151.0,52,No,33,3.0,32,Male,United Kingdom
2022-02-27,1058,Facial Cleanser,Home & Garden,316.0,38,No,21,1.0,51,Male,United States
2022-02-28,1059,Basketball,Home & Garden,404.0,53,Yes,10,4.0,63,Male,France
2022-03-01,1060,Shoes,Electronics,159.0,21,No,12,1.0,62,Female,Australia
2022-03-02,1061,Skirt,Beauty,379.0,-4,No,3,4.0,21,Male,Australia
2022-03-03,1062,Football,Sports,499.0,10,Yes,21,4.0,31,Female,Brazil
2022-03-04,1063,Nail Polish,Sports,479.0,9,Yes,6,0.0,31,Female,Australia
2022-03-05,1064,Skateboard,Clothing,314.0,15,Yes,42,3.0,33,Male,Canada
2022-03-06,1065,Headphones,Beauty,52.0,57,No,23,3.0,24,Male,Italy
2022-03-07,1066,Laptop,Home & Garden,134.0,99,No,3,4.0,49,Female,Australia
2022-03-08,1067,Camera,Electronics,331.0,75,No,27,4.0,36,Female,Italy
2022-03-09,1068,Foundation,Clothing,377.0,4,No,14,3.0,19,Female,Canada
2022-03-10,1069,Headphones,Sports,353.0,93,Yes,0,0.0,27,Female,Mexico
2022-03-11,1070,Curtains,Home & Garden,499.0,74,No,2,5.0,34,Male,Italy
2022-03-12,1071,Shorts,Home & Garden,461.0,68,Yes,13,3.0,54,Male,Germany
2022-03-13,1072,Coffee Maker,Electronics,166.0,75,No,37,3.0,29,Male,Canada
2022-03-14,1073,Eyeshadow Palette,Sports,270.0,81,Yes,49,4.0,23,Female,United States
2022-03-15,1074,Exercise Bike,Beauty,203.0,3,Yes,0,5.0,39,Male,China
2022-03-16,1075,Wireless Earbuds,Home & Garden,202.0,16,Yes,37,1.0,49,Female,United States
2022-03-17,1076,Football,Electronics,61.0,94,No,37,4.0,58,Male,China
2022-03-18,1077,Shoes,Beauty,182.0,29,Yes,20,4.0,37,Female,Brazil
2022-03-19,1078,Treadmill,Sports,353.0,47,Yes,47,3.0,18,Male,Germany
2022-03-20,1079,Moisturizer,Home & Garden,342.0,17,No,28,4.0,64,Male,China
2022-03-21,1080,Hoodie,Beauty,349.0,15,Yes,4,0.0,23,Female,China
2022-03-22,1081,Gaming Console,Beauty,277.0,52,No,48,1.0,36,Female,United Kingdom
2022-03-23,1082,Shoes,Beauty,320.0,55,No,9,3.0,35,Female,India
2022-03-24,1083,Dining Table,Home & Garden,92.0,14,Yes,27,4.0,23,Female,India
2022-03-25,1084,Skateboard,Home & Garden,481.0,-8,Yes,20,5.0,62,Female,United Kingdom
2022-03-26,1085,Sofa,Clothing,392.0,61,No,49,0.0,50,Male,Australia
2022-03-27,1086,Sweater,Sports,375.0,33,Yes,6,4.0,40,Female,Italy
2022-03-28,1087,Blush,Electronics,351.0,86,No,2,5.0,40,Male,United Kingdom
2022-03-29,1088,Shorts,Beauty,413.0,31,No,44,4.0,43,Male,South Africa
2022-03-30,1089,Facial Cleanser,Clothing,428.0,88,No,46,4.0,30,Male,China
2022-03-31,1090,Refrigerator,Electronics,476.0,-5,Yes,19,3.0,24,Male,China
2022-04-01,1091,Coffee Maker,Clothing,70.0,28,No,18,3.0,32,Male,United Kingdom
2022-04-02,1092,Microwave,Home & Garden,456.0,41,Yes,34,3.0,61,Female,United Kingdom
2022-04-03,1093,Blush,Beauty,219.0,12,Yes,3,4.0,44,Female,South Africa
2022-04-04,1094,Lipstick,Electronics,385.0,78,Yes,4,1.0,43,Male,Spain
2022-04-05,1095,Curtains,Electronics,352.0,39,Yes,0,0.0,50,Male,Australia
2022-04-06,1096,Hoodie,Electronics,166.0,32,No,3,2.0,32,Female,United States
2022-04-07,1097,Blush,Electronics,173.0,8,Yes,11,0.0,53,Female,Germany
2022-04-08,1098,Smartphone,Electronics,448.0,58,No,26,0.0,62,Male,France
2022-04-09,1099,Microwave,Clothing,330.0,40,No,41,5.0,44,Female,Italy
2022-04-10,1100,TV,Beauty,341.0,0,Yes,22,1.0,22,Female,China
2022-04-11,1101,Printer,Home & Garden,252.0,1,No,24,3.0,19,Female,Mexico
2022-04-12,1102,Refrigerator,Home & Garden,100.0,63,No,20,0.0,50,Male,Germany
2022-04-13,1103,Smartphone,Home & Garden,320.0,-3,Yes,23,3.0,33,Female,United Kingdom
2022-04-14,1104,Eyeshadow Palette,Home & Garden,373.0,13,No,24,3.0,40,Male,South Africa
2022-04-15,1105,Gaming Console,Clothing,326.0,81,No,44,5.0,55,Male,Australia
2022-04-16,1106,Refrigerator,Sports,190.0,30,No,45,1.0,33,Male,Canada
2022-04-17,1107,T-Shirt,Beauty,324.0,25,No,31,4.0,31,Male,Mexico
2022-04-18,1108,Skirt,Electronics,339.0,90,Yes,31,3.0,46,Male,Australia
2022-04-19,1109,Gaming Console,Sports,383.0,74,No,4,3.0,43,Female,Japan
2022-04-20,1110,Basketball,Home & Garden,430.0,61,No,35,3.0,52,Male,Japan
2022-04-21,1111,Basketball,Sports,422.0,44,No,45,1.0,32,Male,Germany
2022-04-22,1112,Yoga Mat,Beauty,101.0,-2,No,41,3.0,20,Male,India
2022-04-23,1113,Smartwatch,Electronics,76.0,36,Yes,48,1.0,40,Female,Japan
2022-04-24,1114,Foundation,Electronics,206.0,4,No,41,5.0,46,Female,Japan
2022-04-25,1115,Badminton Set,Beauty,288.0,37,Yes,38,3.0,51,Female,United States
2022-04-26,1116,Lipstick,Beauty,205.0,99,No,15,4.0,50,Female,Canada
2022-04-27,1117,Air Purifier,Home & Garden,340.0,93,Yes,32,5.0,58,Female,South Africa
2022-04-28,1118,TV,Electronics,185.0,71,Yes,48,4.0,58,Female,United States
2022-04-29,1119,Printer,Sports,193.0,31,Yes,20,1.0,40,Female,Canada
2022-04-30,1120,Gaming Console,Clothing,155.0,49,Yes,8,0.0,24,Male,South Africa
2022-05-01,1121,Jeans,Clothing,469.0,73,Yes,5,3.0,20,Male,Italy
2022-05-02,1122,Exercise Bike,Beauty,207.0,59,No,44,2.0,49,Female,Italy
2022-05-03,1123,Yoga Mat,Home & Garden,195.0,1,No,34,5.0,48,Male,Brazil
2022-05-04,1124,Moisturizer,Clothing,51.0,-9,No,38,4.0,35,Male,France
2022-05-05,1125,Dining Table,Electronics,482.0,-4,Yes,21,4.0,60,Female,China
2022-05-06,1126,Refrigerator,Beauty,126.0,69,No,40,3.0,24,Male,Spain
2022-05-07,1127,Tennis Racket,Sports,270.0,-8,Yes,4,4.0,58,Male,Spain
2022-05-08,1128,Basketball,Beauty,139.0,98,Yes,41,3.0,18,Female,Japan
2022-05-09,1129,Eyeshadow Palette,Sports,394.0,-8,No,22,0.0,31,Male,Mexico
2022-05-10,1130,Skateboard,Beauty,399.0,16,No,16,3.0,49,Female,South Africa
2022-05-11,1131,Bed,Beauty,312.0,96,Yes,11,5.0,23,Female,China
2022-05-12,1132,Vacuum Cleaner,Beauty,400.0,29,Yes,22,4.0,56,Male,Japan
2022-05-13,1133,Basketball,Sports,286.0,91,No,15,5.0,27,Male,United States
2022-05-14,1134,Smartphone,Sports,123.0,22,No,2,5.0,24,Male,France
2022-05-15,1135,Basketball,Beauty,88.0,81,No,29,0.0,43,Female,United States
2022-05-16,1136,Tennis Racket,Clothing,446.0,-10,No,21,3.0,51,Female,Italy
2022-05-17,1137,Facial Cleanser,Home & Garden,208.0,-3,Yes,8,3.0,47,Female,South Africa
2022-05-18,1138,Shoes,Home & Garden,120.0,90,No,28,3.0,53,Male,Russia
2022-05-19,1139,Tablet,Home & Garden,496.0,21,No,46,5.0,38,Male,United States
2022-05-20,1140,Smartphone,Sports,361.0,37,No,36,5.0,34,Female,Mexico
2022-05-21,1141,Smartwatch,Sports,290.0,96,Yes,22,4.0,50,Male,Canada
2022-05-22,1142,Coffee Maker,Clothing,475.0,90,Yes,12,2.0,27,Male,India
2022-05-23,1143,Shoes,Home & Garden,494.0,-7,Yes,31,3.0,64,Female,Mexico
2022-05-24,1144,Badminton Set,Home & Garden,347.0,83,Yes,45,4.0,59,Female,Australia
2022-05-25,1145,Vacuum Cleaner,Beauty,489.0,59,No,46,4.0,29,Male,Germany
2022-05-26,1146,Printer,Sports,85.0,99,Yes,47,5.0,33,Female,China
2022-05-27,1147,Hoodie,Home & Garden,133.0,8,No,22,0.0,58,Male,Brazil
2022-05-28,1148,Hoodie,Clothing,423.0,21,No,44,2.0,49,Female,Japan
2022-05-29,1149,Coffee Maker,Clothing,312.0,-2,No,16,4.0,32,Female,United States
2022-05-30,1150,Foundation,Home & Garden,359.0,1,No,39,4.0,44,Female,India
2022-05-31,1151,Dress,Sports,434.0,0,Yes,20,3.0,45,Male,United States
2022-06-01,1152,Dumbbells,Clothing,221.0,35,Yes,1,2.0,34,Male,France
2022-06-02,1153,Badminton Set,Beauty,425.0,5,Yes,36,1.0,63,Female,Canada
2022-06-03,1154,Hair Dryer,Clothing,222.0,-10,No,5,5.0,19,Female,Brazil
2022-06-04,1155,Dumbbells,Electronics,411.0,52,No,43,4.0,53,Female,Australia
2022-06-05,1156,Headphones,Electronics,96.0,98,No,17,4.0,24,Male,South Africa
2022-06-06,1157,Rug,Sports,428.0,10,No,29,0.0,30,Female,France
2022-06-07,1158,Tennis Racket,Home & Garden,190.0,19,No,21,5.0,32,Female,United Kingdom
2022-06-08,1159,Dining Table,Sports,424.0,2,Yes,32,2.0,42,Female,Brazil
2022-06-09,1160,Badminton Set,Sports,455.0,23,No,29,4.0,40,Female,United States
2022-06-10,1161,Blush,Sports,167.0,-7,Yes,16,4.0,39,Male,Italy
2022-06-11,1162,Hoodie,Sports,326.0,17,No,42,5.0,43,Male,France
2022-06-12,1163,Mascara,Beauty,263.0,91,No,31,5.0,50,Female,Australia
2022-06-13,1164,Curtains,Beauty,269.0,84,Yes,41,4.0,28,Male,Spain
2022-06-14,1165,Football,Clothing,442.0,48,Yes,13,3.0,27,Male,Mexico
2022-06-15,1166,Dress,Electronics,75.0,16,No,9,5.0,42,Male,India
2022-06-16,1167,Dumbbells,Sports,58.0,58,No,46,1.0,54,Female,India
2022-06-17,1168,TV,Clothing,320.0,14,No,35,2.0,60,Male,China
2022-06-18,1169,Bed,Electronics,59.0,-8,No,33,3.0,55,Male,Australia
2022-06-19,1170,Air Purifier,Home & Garden,427.0,86,Yes,8,1.0,58,Male,India
2022-06-20,1171,Laptop,Beauty,170.0,57,No,41,3.0,62,Female,France
2022-06-21,1172,Foundation,Electronics,174.0,14,Yes,27,5.0,41,Female,China
2022-06-22,1173,Blush,Home & Garden,219.0,9,No,10,0.0,57,Male,Russia
2022-06-23,1174,Camera,Electronics,121.0,23,Yes,13,0.0,63,Male,India
2022-06-24,1175,Air Purifier,Beauty,201.0,15,Yes,38,3.0,50,Female,Brazil
2022-06-25,1176,Air Purifier,Beauty,257.0,-6,No,46,3.0,34,Female,Spain
2022-06-26,1177,Eyeshadow Palette,Clothing,98.0,88,Yes,18,3.0,41,Male,Italy
2022-06-27,1178,Eyeshadow Palette,Sports,203.0,50,No,14,1.0,54,Male,Canada
2022-06-28,1179,Socks,Electronics,396.0,81,Yes,27,0.0,19,Female,Spain
2022-06-29,1180,Rug,Electronics,342.0,82,No,23,0.0,49,Female,United Kingdom
2022-06-30,1181,T-Shirt,Home & Garden,117.0,-2,Yes,7,4.0,41,Male,Australia
2022-07-01,1182,Air Purifier,Beauty,99.0,91,No,42,1.0,26,Female,France
2022-07-02,1183,Microwave,Electronics,201.0,39,No,8,5.0,21,Male,Japan
2022-07-03,1184,Badminton Set,Beauty,68.0,-5,Yes,46,5.0,34,Male,Italy
2022-07-04,1185,Yoga Mat,Electronics,149.0,72,Yes,32,0.0,34,Male,United States
2022-07-05,1186,Smartphone,Clothing,109.0,49,Yes,32,5.0,47,Female,France
2022-07-06,1187,Vacuum Cleaner,Sports,216.0,33,Yes,18,3.0,57,Male,Spain
2022-07-07,1188,Dress,Electronics,251.0,0,No,2,3.0,28,Male,Spain
2022-07-08,1189,Lipstick,Beauty,394.0,55,Yes,9,4.0,38,Female,India
2022-07-09,1190,Tablet,Clothing,195.0,36,No,39,3.0,38,Female,France
2022-07-10,1191,Badminton Set,Electronics,452.0,97,Yes,46,4.0,35,Male,Japan
2022-07-11,1192,Camera,Home & Garden,213.0,97,No,41,1.0,46,Male,United States
2022-07-12,1193,Gaming Console,Sports,488.0,62,No,0,1.0,41,Female,China
2022-07-13,1194,Vacuum Cleaner,Electronics,291.0,74,No,28,4.0,27,Female,India
2022-07-14,1195,Printer,Clothing,118.0,77,No,49,4.0,62,Female,Italy
2022-07-15,1196,Tennis Racket,Home & Garden,224.0,87,Yes,33,5.0,34,Male,Germany
2022-07-16,1197,Yoga Mat,Clothing,98.0,75,Yes,12,0.0,35,Male,India
2022-07-17,1198,Foundation,Clothing,157.0,-8,No,0,4.0,59,Male,United Kingdom
2022-07-18,1199,Eyeshadow Palette,Home & Garden,275.0,65,Yes,33,2.0,37,Female,Russia
2022-07-19,1200,Refrigerator,Clothing,210.0,81,Yes,28,1.0,54,Male,Germany
2022-07-20,1201,Hoodie,Home & Garden,168.0,19,No,47,4.0,62,Female,United Kingdom
2022-07-21,1202,Dumbbells,Electronics,198.0,79,Yes,46,2.0,35,Male,Japan
2022-07-22,1203,Dumbbells,Home & Garden,199.0,10,Yes,12,3.0,34,Female,Australia
2022-07-23,1204,Refrigerator,Home & Garden,481.0,17,Yes,47,0.0,26,Male,United States
2022-07-24,1205,Lipstick,Sports,342.0,79,No,48,3.0,31,Male,Canada
2022-07-25,1206,Hair Dryer,Home & Garden,192.0,51,Yes,28,1.0,46,Female,China
2022-07-26,1207,Hair Dryer,Home & Garden,468.0,22,No,38,1.0,48,Female,Canada
2022-07-27,1208,Jeans,Electronics,209.0,74,Yes,23,2.0,21,Male,Brazil
2022-07-28,1209,Badminton Set,Sports,60.0,24,Yes,25,1.0,35,Female,Brazil
2022-07-29,1210,Laptop,Beauty,187.0,41,Yes,16,4.0,37,Female,Japan
2022-07-30,1211,Tablet,Electronics,127.0,23,No,6,3.0,64,Male,Australia
2022-07-31,1212,Hair Dryer,Electronics,126.0,30,No,12,3.0,60,Female,Russia
2022-08-01,1213,Tennis Racket,Beauty,490.0,40,Yes,4,3.0,61,Male,Russia
2022-08-02,1214,Hair Dryer,Home & Garden,303.0,36,No,25,4.0,26,Male,Brazil
2022-08-03,1215,Skirt,Clothing,458.0,71,Yes,48,5.0,30,Female,Italy
2022-08-04,1216,Hair Dryer,Sports,307.0,47,No,2,5.0,32,Female,Italy
2022-08-05,1217,Laptop,Clothing,369.0,64,No,6,5.0,44,Male,Spain
2022-08-06,1218,Laptop,Beauty,340.0,46,Yes,48,4.0,32,Male,Mexico
2022-08-07,1219,Air Purifier,Electronics,312.0,12,Yes,38,4.0,45,Male,India
2022-08-08,1220,Dining Table,Electronics,134.0,37,Yes,0,4.0,54,Male,France
2022-08-09,1221,Tennis Racket,Sports,195.0,11,Yes,48,3.0,36,Male,United Kingdom
2022-08-10,1222,Dumbbells,Electronics,372.0,6,No,16,0.0,43,Male,Brazil
2022-08-11,1223,Yoga Mat,Electronics,91.0,58,No,42,3.0,43,Female,Japan
2022-08-12,1224,Smartphone,Sports,423.0,97,No,24,0.0,42,Female,Spain
2022-08-13,1225,Jacket,Sports,174.0,0,Yes,2,4.0,43,Female,South Africa
2022-08-14,1226,Laptop,Beauty,216.0,83,Yes,14,5.0,43,Male,United Kingdom
2022-08-15,1227,Eyeshadow Palette,Electronics,474.0,4,No,28,0.0,63,Female,India
2022-08-16,1228,Coffee Maker,Electronics,290.0,80,Yes,42,4.0,45,Male,Australia
2022-08-17,1229,Dumbbells,Beauty,329.0,24,No,31,2.0,35,Male,United States
2022-08-18,1230,Camera,Home & Garden,237.0,22,No,25,2.0,49,Female,Russia
2022-08-19,1231,Dumbbells,Home & Garden,351.0,73,No,15,5.0,20,Male,Canada
2022-08-20,1232,Headphones,Home & Garden,68.0,5,No,24,4.0,19,Male,India
2022-08-21,1233,T-Shirt,Beauty,117.0,23,No,27,3.0,50,Male,China
2022-08-22,1234,Skirt,Electronics,287.5,55,Yes,8,5.0,59,Male,Germany
2022-08-23,1235,Golf Clubs,Beauty,151.0,88,Yes,0,3.0,36,Male,Japan
2022-08-24,1236,Refrigerator,Beauty,91.0,29,Yes,28,0.0,34,Male,Russia
2022-08-25,1237,Smartwatch,Home & Garden,337.0,17,No,21,0.0,61,Female,Canada
2022-08-26,1238,Exercise Bike,Clothing,216.0,36,No,15,3.0,50,Male,China
2022-08-27,1239,Camera,Electronics,158.0,28,No,40,3.0,29,Male,United States
2022-08-28,1240,Bed,Home & Garden,85.0,59,No,43,2.0,20,Male,China
2022-08-29,1241,T-Shirt,Clothing,281.0,62,Yes,40,2.0,60,Male,South Africa
2022-08-30,1242,Moisturizer,Clothing,278.0,9,Yes,6,4.0,43,Female,Australia
2022-08-31,1243,Sweater,Sports,402.0,-10,No,13,5.0,52,Female,Italy
2022-09-01,1244,Yoga Mat,Electronics,213.0,61,No,28,5.0,25,Male,Germany
2022-09-02,1245,Printer,Clothing,436.0,76,No,18,2.0,53,Male,United Kingdom
2022-09-03,1246,Camera,Home & Garden,122.0,52,Yes,18,4.0,24,Male,Canada
2022-09-04,1247,Sweater,Sports,185.0,56,Yes,1,2.0,63,Female,Germany
2022-09-05,1248,Curtains,Electronics,402.0,-7,Yes,40,1.0,63,Female,France
2022-09-06,1249,Tablet,Beauty,428.0,47,No,44,4.0,53,Female,India
2022-09-07,1250,Socks,Home & Garden,119.0,14,No,14,0.0,33,Female,France
2022-09-08,1251,Football,Clothing,474.0,36,Yes,2,1.0,41,Male,India
2022-09-09,1252,Jacket,Clothing,245.0,27,No,10,1.0,18,Female,Australia
2022-09-10,1253,Coffee Maker,Home & Garden,318.0,4,Yes,45,0.0,42,Female,Germany
2022-09-11,1254,Tablet,Clothing,98.0,52,No,29,1.0,27,Male,Italy
2022-09-12,1255,Jacket,Sports,365.0,10,Yes,39,4.0,33,Male,United States
2022-09-13,1256,Socks,Electronics,179.0,88,No,17,4.0,33,Female,Mexico
2022-09-14,1257,Dumbbells,Sports,493.0,46,Yes,47,2.0,25,Female,Mexico
2022-09-15,1258,TV,Clothing,54.0,42,Yes,1,2.0,46,Female,Italy
2022-09-16,1259,Lipstick,Beauty,477.0,35,Yes,31,3.0,56,Female,Brazil
2022-09-17,1260,Yoga Mat,Electronics,76.0,3,Yes,7,5.0,45,Male,China
2022-09-18,1261,Skateboard,Electronics,209.0,89,Yes,21,4.0,23,Male,Spain
2022-09-19,1262,Badminton Set,Home & Garden,198.0,65,Yes,5,4.0,33,Female,Brazil
2022-09-20,1263,Shorts,Home & Garden,313.0,6,No,11,0.0,37,Female,Germany
2022-09-21,1264,Skateboard,Beauty,279.0,28,No,46,5.0,33,Female,France
2022-09-22,1265,Smartphone,Electronics,249.0,-2,No,39,4.0,24,Female,Spain
2022-09-23,1266,T-Shirt,Beauty,99.0,88,Yes,35,4.0,58,Female,Mexico
2022-09-24,1267,Air Purifier,Home & Garden,116.0,66,Yes,14,4.0,31,Male,Brazil
2022-09-25,1268,Microwave,Home & Garden,349.0,68,No,27,4.0,60,Male,Mexico
2022-09-26,1269,Nail Polish,Electronics,430.0,71,Yes,48,4.0,43,Male,Japan
2022-09-27,1270,Dining Table,Sports,107.0,86,Yes,44,4.0,43,Female,Russia
2022-09-28,1271,Treadmill,Clothing,308.0,-5,Yes,17,1.0,31,Female,Mexico
2022-09-29,1272,Rug,Home & Garden,391.0,80,Yes,1,4.0,24,Male,Italy
2022-09-30,1273,Foundation,Home & Garden,375.0,12,Yes,12,3.0,50,Male,Brazil
2022-10-01,1274,Basketball,Sports,179.0,48,No,44,2.0,43,Female,India
2022-10-02,1275,TV,Sports,264.0,80,No,14,1.0,62,Male,Spain
2022-10-03,1276,Sweater,Beauty,221.0,87,No,19,4.0,37,Female,Japan
2022-10-04,1277,Coffee Maker,Beauty,307.0,35,No,28,4.0,20,Female,Canada
2022-10-05,1278,Moisturizer,Clothing,151.0,27,No,41,3.0,21,Male,Brazil
2022-10-06,1279,Hair Dryer,Clothing,258.0,3,Yes,28,4.0,43,Male,Japan
2022-10-07,1280,Laptop,Electronics,178.5,89,Yes,2,0.0,28,Male,Italy
2022-10-08,1281,Smartphone,Beauty,403.0,61,Yes,18,2.0,19,Female,Mexico
2022-10-09,1282,Moisturizer,Home & Garden,335.0,51,Yes,2,4.0,31,Female,Germany
2022-10-10,1283,Jeans,Beauty,165.0,24,No,13,5.0,61,Male,Russia
2022-10-11,1284,Smartwatch,Home & Garden,313.0,8,No,39,5.0,47,Female,China
2022-10-12,1285,Tennis Racket,Sports,199.0,19,No,3,4.0,29,Female,Russia
2022-10-13,1286,Dumbbells,Beauty,349.0,67,Yes,10,4.0,43,Female,Canada
2022-10-14,1287,Printer,Sports,491.0,73,No,30,1.0,61,Male,United States
2022-10-15,1288,Lipstick,Clothing,85.0,14,Yes,42,3.0,50,Female,Spain
2022-10-16,1289,Basketball,Clothing,382.0,29,No,31,1.0,30,Male,United States
2022-10-17,1290,Jacket,Electronics,336.0,77,No,26,0.0,31,Male,Australia
2022-10-18,1291,Moisturizer,Beauty,352.0,3,Yes,29,2.0,41,Female,Brazil
2022-10-19,1292,Sweater,Sports,360.0,15,Yes,42,2.0,51,Male,China
2022-10-20,1293,Tablet,Home & Garden,257.0,91,No,1,5.0,61,Female,South Africa
2022-10-21,1294,Socks,Clothing,155.0,76,No,48,0.0,43,Male,United Kingdom
2022-10-22,1295,Refrigerator,Clothing,495.0,11,Yes,8,5.0,38,Male,Japan
2022-10-23,1296,Yoga Mat,Home & Garden,207.0,37,No,27,0.0,45,Female,Canada
2022-10-24,1297,Refrigerator,Sports,170.0,72,No,30,1.0,53,Male,Germany
2022-10-25,1298,T-Shirt,Sports,104.0,99,Yes,33,3.0,57,Male,Brazil
2022-10-26,1299,Hair Dryer,Beauty,449.0,40,No,14,2.0,19,Male,Germany
2022-10-27,1300,Gaming Console,Beauty,61.0,-8,Yes,47,1.0,59,Female,United Kingdom
2022-10-28,1301,Football,Electronics,194.0,31,No,24,4.0,26,Female,Spain
2022-10-29,1302,Golf Clubs,Clothing,449.0,8,Yes,35,0.0,40,Male,Australia
2022-10-30,1303,Skateboard,Beauty,445.0,62,No,7,3.0,32,Male,South Africa
2022-10-31,1304,Socks,Sports,185.0,17,Yes,8,4.0,30,Male,United Kingdom
2022-11-01,1305,Basketball,Home & Garden,52.0,73,No,36,4.0,40,Female,Russia
2022-11-02,1306,Moisturizer,Sports,193.0,34,Yes,47,3.0,34,Female,Mexico
2022-11-03,1307,Microwave,Clothing,79.0,60,No,44,4.0,19,Male,Russia
2022-11-04,1308,Basketball,Sports,286.0,67,No,38,3.0,37,Female,Mexico
2022-11-05,1309,Microwave,Electronics,328.0,52,No,31,2.0,37,Female,India
2022-11-06,1310,Curtains,Clothing,397.0,62,No,16,5.0,63,Female,France
2022-11-07,1311,Shorts,Home & Garden,164.0,8,No,34,2.0,20,Female,Canada
2022-11-08,1312,Perfume,Electronics,153.0,36,No,36,0.0,29,Male,Spain
2022-11-09,1313,Shorts,Clothing,167.0,3,No,18,2.0,57,Female,France
2022-11-10,1314,Laptop,Home & Garden,54.0,27,No,43,4.0,19,Female,United Kingdom
2022-11-11,1315,Basketball,Electronics,409.0,42,No,28,4.0,53,Male,South Africa
2022-11-12,1316,Sweater,Electronics,297.0,50,Yes,6,2.0,31,Male,Mexico
2022-11-13,1317,Lipstick,Clothing,413.0,25,Yes,27,1.0,33,Female,Mexico
2022-11-14,1318,Football,Beauty,370.0,29,No,8,4.0,36,Female,Russia
2022-11-15,1319,Yoga Mat,Electronics,170.0,70,Yes,27,5.0,51,Male,Australia
2022-11-16,1320,Headphones,Electronics,335.0,19,No,5,5.0,61,Male,Australia
2022-11-17,1321,Yoga Mat,Home & Garden,198.0,-2,No,28,4.0,63,Male,Mexico
2022-11-18,1322,Shoes,Sports,133.0,53,Yes,16,5.0,23,Female,Italy
2022-11-19,1323,Sofa,Clothing,455.0,22,No,15,4.0,30,Female,United States
2022-11-20,1324,Moisturizer,Clothing,280.0,41,No,22,5.0,53,Male,Russia
2022-11-21,1325,Socks,Beauty,337.0,78,Yes,30,4.0,39,Female,Brazil
2022-11-22,1326,Gaming Console,Beauty,210.0,3,Yes,2,4.0,35,Male,South Africa
2022-11-23,1327,TV,Clothing,321.0,64,No,20,5.0,29,Female,United States
2022-11-24,1328,Tablet,Beauty,87.0,42,Yes,25,3.0,47,Male,Canada
2022-11-25,1329,Skirt,Home & Garden,275.0,88,Yes,35,5.0,57,Male,Mexico
2022-11-26,1330,Yoga Mat,Clothing,191.0,94,No,41,4.0,24,Female,Canada
2022-11-27,1331,Moisturizer,Beauty,341.0,48,Yes,36,2.0,49,Female,Canada
2022-11-28,1332,Jeans,Clothing,200.0,67,Yes,21,1.0,36,Female,Germany
2022-11-29,1333,Bed,Sports,163.0,83,No,41,3.0,23,Female,United States
2022-11-30,1334,Bed,Electronics,286.0,30,Yes,11,4.0,37,Female,Germany
2022-12-01,1335,Perfume,Clothing,115.0,57,Yes,41,5.0,44,Female,France
2022-12-02,1336,Rug,Electronics,410.0,57,No,12,2.0,60,Male,Russia
2022-12-03,1337,Golf Clubs,Beauty,390.0,81,No,10,5.0,54,Female,Brazil
2022-12-04,1338,Golf Clubs,Electronics,307.0,-3,No,15,5.0,24,Male,United Kingdom
2022-12-05,1339,Blush,Clothing,298.0,-9,Yes,7,2.0,22,Male,Russia
2022-12-06,1340,Gaming Console,Sports,498.0,94,No,39,5.0,28,Female,South Africa
2022-12-07,1341,Vacuum Cleaner,Beauty,380.0,99,No,39,0.0,32,Male,Japan
2022-12-08,1342,Vacuum Cleaner,Clothing,372.0,75,Yes,44,5.0,20,Male,United States
2022-12-09,1343,Exercise Bike,Beauty,229.0,30,No,1,5.0,22,Female,Russia
2022-12-10,1344,Sofa,Home & Garden,239.0,44,No,29,0.0,40,Female,Japan
2022-12-11,1345,Rug,Electronics,456.0,5,No,29,4.0,54,Female,Italy
2022-12-12,1346,Yoga Mat,Home & Garden,203.0,82,No,11,0.0,26,Male,Russia
2022-12-13,1347,Air Purifier,Clothing,245.0,51,Yes,9,5.0,32,Female,Australia
2022-12-14,1348,Facial Cleanser,Sports,360.0,37,No,43,0.0,20,Female,United States
2022-12-15,1349,Yoga Mat,Beauty,311.0,19,No,10,4.0,46,Female,France
2022-12-16,1350,Smartwatch,Electronics,468.0,1,Yes,14,3.0,23,Female,Spain
2022-12-17,1351,Moisturizer,Beauty,455.0,24,No,15,5.0,34,Male,United States
2022-12-18,1352,Jacket,Clothing,476.0,0,Yes,16,1.0,43,Female,Spain
2022-12-19,1353,Headphones,Beauty,192.0,53,Yes,25,0.0,38,Male,Germany
2022-12-20,1354,Basketball,Electronics,391.0,99,Yes,1,3.0,25,Female,Brazil
2022-12-21,1355,Hair Dryer,Clothing,365.0,39,No,49,2.0,38,Male,United Kingdom
2022-12-22,1356,Skirt,Beauty,150.0,74,Yes,11,4.0,28,Male,China
2022-12-23,1357,Eyeshadow Palette,Sports,293.0,10,Yes,25,1.0,55,Male,United Kingdom
2022-12-24,1358,Air Purifier,Clothing,61.0,58,Yes,22,4.0,25,Female,Russia
2022-12-25,1359,Rug,Clothing,288.0,37,No,17,0.0,59,Male,Mexico
2022-12-26,1360,Curtains,Sports,98.0,9,No,31,5.0,41,Female,South Africa
2022-12-27,1361,Perfume,Home & Garden,91.0,90,No,48,0.0,52,Female,South Africa
2022-12-28,1362,Camera,Electronics,215.0,56,No,37,2.0,31,Female,United Kingdom
2022-12-29,1363,Basketball,Home & Garden,131.0,33,No,46,5.0,31,Female,Australia
2022-12-30,1364,Lipstick,Beauty,478.0,22,No,2,0.0,27,Female,France
2022-12-31,1365,Tennis Racket,Sports,340.0,62,No,37,0.0,29,Male,Spain
2023-01-01,1366,Refrigerator,Home & Garden,207.0,50,Yes,2,4.0,55,Female,Japan
2023-01-02,1367,Curtains,Clothing,265.0,-2,Yes,29,3.0,61,Male,South Africa
2023-01-03,1368,Hair Dryer,Beauty,207.0,57,Yes,0,5.0,63,Male,Russia
2023-01-04,1369,Perfume,Beauty,183.0,24,Yes,29,4.0,51,Male,France
2023-01-05,1370,Treadmill,Home & Garden,272.5,70,No,44,3.0,58,Male,China
2023-01-06,1371,Basketball,Home & Garden,385.0,87,Yes,31,3.0,27,Male,Australia
2023-01-07,1372,Yoga Mat,Sports,56.0,77,Yes,27,5.0,34,Male,Brazil
2023-01-08,1373,Sofa,Electronics,485.0,85,Yes,20,1.0,34,Male,Russia
2023-01-09,1374,Dumbbells,Home & Garden,63.0,54,Yes,45,0.0,20,Female,Mexico
2023-01-10,1375,Dining Table,Home & Garden,122.0,-3,No,12,4.0,48,Male,United Kingdom
2023-01-11,1376,Yoga Mat,Clothing,448.0,34,No,26,2.0,18,Female,Germany
2023-01-12,1377,Tablet,Beauty,454.0,76,No,35,1.0,29,Male,Australia
2023-01-13,1378,Shorts,Electronics,212.0,36,Yes,6,5.0,56,Male,South Africa
2023-01-14,1379,Microwave,Clothing,115.0,29,No,21,5.0,21,Male,Canada
2023-01-15,1380,Foundation,Sports,396.0,65,Yes,9,5.0,59,Male,South Africa
2023-01-16,1381,Treadmill,Sports,179.0,43,No,38,5.0,30,Female,United States
2023-01-17,1382,Tablet,Home & Garden,468.0,65,No,14,4.0,51,Female,France
2023-01-18,1383,Skateboard,Home & Garden,255.0,35,No,14,5.0,59,Female,Italy
2023-01-19,1384,Perfume,Sports,325.0,36,No,3,3.0,38,Male,Australia
2023-01-20,1385,Refrigerator,Home & Garden,305.0,4,No,31,4.0,39,Male,Canada
2023-01-21,1386,Nail Polish,Electronics,315.0,94,Yes,22,0.0,21,Male,South Africa
2023-01-22,1387,Dumbbells,Home & Garden,74.0,8,No,5,3.0,35,Female,Spain
2023-01-23,1388,Facial Cleanser,Beauty,499.0,15,Yes,23,3.0,22,Male,Japan
2023-01-24,1389,Bed,Home & Garden,330.0,41,Yes,19,4.0,36,Female,China
2023-01-25,1390,Dining Table,Clothing,302.0,82,Yes,36,2.0,19,Female,China
2023-01-26,1391,Laptop,Electronics,359.0,11,Yes,19,1.0,29,Male,United Kingdom
2023-01-27,1392,Vacuum Cleaner,Clothing,281.0,93,Yes,11,5.0,34,Male,United Kingdom
2023-01-28,1393,Foundation,Clothing,213.0,10,No,32,0.0,27,Female,Australia
2023-01-29,1394,Laptop,Beauty,144.0,40,No,27,4.0,51,Female,Australia
2023-01-30,1395,Coffee Maker,Electronics,319.0,27,No,7,1.0,23,Female,Brazil
2023-01-31,1396,Skirt,Electronics,370.0,9,No,0,1.0,25,Male,United States
2023-02-01,1397,Skateboard,Electronics,159.0,18,Yes,36,5.0,28,Male,India
2023-02-02,1398,Yoga Mat,Electronics,385.0,40,No,21,4.0,29,Male,Japan
2023-02-03,1399,Printer,Electronics,359.0,-7,No,5,3.0,26,Male,United Kingdom
2023-02-04,1400,Mascara,Beauty,287.0,44,Yes,20,4.0,19,Male,India
2023-02-05,1401,Moisturizer,Home & Garden,430.0,60,Yes,31,3.0,25,Male,India
2023-02-06,1402,Badminton Set,Clothing,485.0,81,No,34,4.0,28,Female,Russia
2023-02-07,1403,Curtains,Electronics,436.0,17,No,14,5.0,53,Female,Mexico
2023-02-08,1404,Foundation,Home & Garden,474.0,-7,Yes,4,4.0,27,Female,United States
2023-02-09,1405,Coffee Maker,Home & Garden,439.0,11,No,45,4.0,38,Male,Germany
2023-02-10,1406,Basketball,Clothing,74.0,65,No,49,3.0,37,Female,Germany
2023-02-11,1407,Nail Polish,Beauty,190.0,34,No,47,5.0,25,Male,Spain
2023-02-12,1408,Microwave,Sports,166.0,56,No,5,4.0,53,Male,United Kingdom
2023-02-13,1409,Refrigerator,Sports,441.0,75,Yes,24,2.0,46,Female,South Africa
2023-02-14,1410,Dress,Home & Garden,454.0,97,Yes,45,4.0,59,Male,Canada
2023-02-15,1411,TV,Clothing,74.0,55,Yes,39,3.0,29,Female,South Africa
2023-02-16,1412,Football,Sports,128.0,77,No,28,0.0,31,Female,Italy
2023-02-17,1413,Blush,Home & Garden,117.0,23,No,6,4.0,38,Male,United States
2023-02-18,1414,Socks,Beauty,222.0,80,No,39,0.0,39,Female,United States
2023-02-19,1415,Smartphone,Sports,493.0,44,No,12,1.0,38,Female,Mexico
2023-02-20,1416,Gaming Console,Home & Garden,61.0,94,No,37,5.0,61,Female,France
2023-02-21,1417,Perfume,Home & Garden,337.0,-10,Yes,17,0.0,47,Female,Italy
2023-02-22,1418,Sweater,Electronics,221.0,61,No,1,5.0,56,Male,India
2023-02-23,1419,Shoes,Beauty,145.0,76,No,7,3.0,37,Female,France
2023-02-24,1420,Jeans,Electronics,141.0,27,Yes,10,4.0,41,Female,Spain
2023-02-25,1421,Dining Table,Clothing,190.0,-5,No,32,5.0,40,Female,South Africa
2023-02-26,1422,Hoodie,Electronics,80.0,75,Yes,37,3.0,24,Male,Spain
2023-02-27,1423,Air Purifier,Electronics,383.0,14,Yes,47,3.0,26,Female,South Africa
2023-02-28,1424,Exercise Bike,Sports,69.0,71,Yes,26,4.0,18,Male,Spain
2023-03-01,1425,Laptop,Home & Garden,195.0,6,Yes,19,4.0,43,Female,India
2023-03-02,1426,Dumbbells,Beauty,278.0,50,Yes,11,3.0,55,Female,Spain
2023-03-03,1427,Dining Table,Electronics,496.0,1,No,42,3.0,55,Female,Germany
2023-03-04,1428,Bed,Beauty,439.0,-5,Yes,30,0.0,61,Male,United Kingdom
2023-03-05,1429,Microwave,Electronics,209.0,79,Yes,26,5.0,39,Male,Japan
2023-03-06,1430,Bed,Clothing,398.0,16,No,31,4.0,61,Male,Germany
2023-03-07,1431,Bed,Electronics,92.0,-3,No,9,5.0,27,Male,Russia
2023-03-08,1432,Hair Dryer,Sports,303.0,72,Yes,2,0.0,23,Male,United States
2023-03-09,1433,Foundation,Home & Garden,179.0,95,No,44,4.0,34,Male,Japan
2023-03-10,1434,Camera,Clothing,109.0,54,No,26,1.0,55,Female,Australia
2023-03-11,1435,Hoodie,Electronics,200.0,46,Yes,34,0.0,41,Male,Japan
2023-03-12,1436,Mascara,Beauty,336.0,82,Yes,30,3.0,27,Female,Japan
2023-03-13,1437,Tennis Racket,Clothing,54.0,98,No,14,0.0,25,Male,Germany
2023-03-14,1438,Yoga Mat,Clothing,467.0,88,Yes,15,4.0,38,Male,United States
2023-03-15,1439,Gaming Console,Electronics,315.0,29,Yes,12,3.0,23,Male,Japan
2023-03-16,1440,Eyeshadow Palette,Clothing,394.0,3,No,48,3.0,38,Female,Mexico
2023-03-17,1441,Eyeshadow Palette,Beauty,179.0,24,Yes,34,4.0,56,Male,Mexico
2023-03-18,1442,Smartwatch,Clothing,431.0,37,Yes,10,4.0,41,Male,Russia
2023-03-19,1443,Badminton Set,Beauty,316.0,98,Yes,20,2.0,50,Female,Germany
2023-03-20,1444,Headphones,Electronics,227.0,73,Yes,10,0.0,35,Female,Germany
2023-03-21,1445,Camera,Home & Garden,302.0,45,Yes,29,4.0,45,Female,Japan
2023-03-22,1446,Blush,Clothing,464.0,38,No,47,2.0,49,Female,India
2023-03-23,1447,Dumbbells,Home & Garden,105.0,2,No,34,5.0,29,Male,United States
2023-03-24,1448,Rug,Beauty,132.0,50,Yes,21,1.0,59,Female,South Africa
2023-03-25,1449,Facial Cleanser,Clothing,442.0,91,No,37,0.0,44,Male,South Africa
2023-03-26,1450,Basketball,Sports,148.0,38,Yes,30,0.0,27,Male,China
2023-03-27,1451,Skateboard,Home & Garden,198.0,35,Yes,13,5.0,63,Female,Russia
2023-03-28,1452,Sweater,Clothing,378.0,51,Yes,23,5.0,59,Male,South Africa
2023-03-29,1453,Dress,Home & Garden,205.0,-3,Yes,49,3.0,49,Female,Japan
2023-03-30,1454,Nail Polish,Clothing,239.0,32,Yes,48,0.0,59,Male,South Africa
2023-03-31,1455,Foundation,Electronics,420.0,9,No,31,4.0,43,Female,France
2023-04-01,1456,Rug,Home & Garden,312.0,86,No,35,5.0,42,Female,France
2023-04-02,1457,Jacket,Sports,129.0,79,Yes,31,0.0,28,Female,Australia
2023-04-03,1458,Skirt,Sports,449.0,28,No,14,0.0,40,Female,United States
2023-04-04,1459,Jacket,Beauty,301.0,74,Yes,42,5.0,51,Female,Russia
2023-04-05,1460,Air Purifier,Clothing,146.0,38,No,34,3.0,57,Female,Germany
2023-04-06,1461,Coffee Maker,Home & Garden,309.0,53,Yes,2,0.0,40,Male,Brazil
2023-04-07,1462,Tennis Racket,Beauty,309.0,51,No,15,4.0,46,Male,United Kingdom
2023-04-08,1463,Coffee Maker,Home & Garden,152.0,95,Yes,4,0.0,48,Male,Canada
2023-04-09,1464,Dining Table,Clothing,89.0,96,Yes,20,4.0,24,Female,Italy
2023-04-10,1465,Printer,Sports,322.0,43,No,9,3.0,57,Male,Brazil
2023-04-11,1466,Jeans,Electronics,150.0,94,No,18,3.0,50,Female,South Africa
2023-04-12,1467,Smartphone,Sports,408.0,-2,Yes,24,4.0,38,Male,Russia
2023-04-13,1468,Smartphone,Beauty,429.0,77,No,3,5.0,19,Male,United States
2023-04-14,1469,Facial Cleanser,Electronics,316.0,26,Yes,28,3.0,35,Female,Spain
2023-04-15,1470,Exercise Bike,Beauty,270.0,38,No,18,4.0,64,Male,United States
2023-04-16,1471,Dumbbells,Clothing,357.0,30,No,42,3.0,50,Male,South Africa
2023-04-17,1472,Moisturizer,Electronics,469.0,6,Yes,1,5.0,54,Male,Japan
2023-04-18,1473,Microwave,Beauty,173.0,77,No,9,4.0,51,Female,Japan
2023-04-19,1474,Skateboard,Clothing,471.0,10,No,42,0.0,37,Male,Brazil
2023-04-20,1475,Blush,Sports,280.0,40,Yes,24,2.0,52,Female,Germany
2023-04-21,1476,Smartphone,Clothing,227.0,48,No,19,0.0,35,Male,Italy
2023-04-22,1477,Sweater,Home & Garden,112.0,28,Yes,47,4.0,63,Male,Australia
2023-04-23,1478,Badminton Set,Clothing,165.0,44,Yes,18,2.0,41,Male,Japan
2023-04-24,1479,Smartwatch,Clothing,240.0,30,Yes,22,2.0,25,Male,Canada
2023-04-25,1480,Bed,Home & Garden,111.0,28,Yes,23,0.0,47,Female,Russia
2023-04-26,1481,Curtains,Beauty,305.0,2,Yes,10,5.0,61,Male,Canada
2023-04-27,1482,Tablet,Beauty,56.0,53,No,45,4.0,27,Female,Australia
2023-04-28,1483,Jeans,Clothing,204.0,0,Yes,33,0.0,40,Female,India
2023-04-29,1484,Coffee Maker,Home & Garden,141.0,99,Yes,27,1.0,28,Male,India
2023-04-30,1485,Sweater,Home & Garden,63.0,8,No,4,4.0,19,Male,United States
2023-05-01,1486,Tennis Racket,Sports,278.0,0,No,4,4.0,43,Female,Spain
2023-05-02,1487,Bed,Beauty,135.0,66,No,20,4.0,53,Female,Japan
2023-05-03,1488,Curtains,Electronics,182.0,35,Yes,11,3.0,50,Male,France
2023-05-04,1489,Shoes,Beauty,232.0,34,Yes,49,4.0,64,Male,Mexico
2023-05-05,1490,Air Purifier,Beauty,435.0,-10,Yes,3,4.0,30,Male,Mexico
2023-05-06,1491,Smartwatch,Sports,290.0,29,No,48,5.0,57,Male,Brazil
2023-05-07,1492,Facial Cleanser,Electronics,268.0,97,Yes,41,0.0,42,Male,China
2023-05-08,1493,Hair Dryer,Sports,454.0,8,No,19,2.0,21,Female,Australia
2023-05-09,1494,Rug,Electronics,295.0,65,Yes,37,2.0,59,Male,United States
2023-05-10,1495,Perfume,Clothing,279.0,61,No,24,3.0,36,Male,France
2023-05-11,1496,Smartwatch,Electronics,290.0,61,Yes,13,4.0,35,Female,Mexico
2023-05-12,1497,Jeans,Sports,198.0,50,Yes,10,2.0,54,Male,Japan
2023-05-13,1498,Sweater,Beauty,187.0,98,Yes,31,5.0,47,Male,South Africa
2023-05-14,1499,Coffee Maker,Electronics,363.0,1,No,10,3.0,36,Female,France
2023-05-15,1500,Coffee Maker,Electronics,425.0,50,No,17,2.0,40,Male,Spain
2023-05-16,1501,Moisturizer,Home & Garden,472.0,22,Yes,26,4.0,33,Female,France
2023-05-17,1502,Sofa,Beauty,438.0,34,Yes,17,1.0,18,Male,South Africa
2023-05-18,1503,Badminton Set,Clothing,114.0,79,Yes,22,4.0,29,Male,Mexico
2023-05-19,1504,Football,Sports,62.0,92,No,10,4.0,41,Male,Spain
2023-05-20,1505,Yoga Mat,Clothing,262.0,81,Yes,20,3.0,51,Female,Australia
2023-05-21,1506,Rug,Beauty,291.0,58,Yes,43,1.0,25,Female,United States
2023-05-22,1507,Tennis Racket,Electronics,262.0,-3,Yes,4,3.0,35,Female,Germany
2023-05-23,1508,Dining Table,Electronics,230.0,14,Yes,22,1.0,22,Female,Canada
2023-05-24,1509,Wireless Earbuds,Beauty,387.0,80,No,40,2.0,43,Male,Brazil
2023-05-25,1510,Smartwatch,Electronics,222.0,35,No,24,3.0,47,Female,United States
2023-05-26,1511,Football,Electronics,209.0,76,Yes,40,3.0,30,Female,South Africa
2023-05-27,1512,Exercise Bike,Electronics,213.0,19,Yes,9,4.0,36,Female,China
2023-05-28,1513,Treadmill,Sports,237.0,98,No,21,4.0,46,Male,France
2023-05-29,1514,Wireless Earbuds,Sports,444.0,36,No,18,4.0,20,Male,Germany
2023-05-30,1515,Jacket,Home & Garden,240.0,76,Yes,0,0.0,43,Female,South Africa
2023-05-31,1516,Dumbbells,Clothing,454.0,38,No,6,2.0,57,Female,Australia
2023-06-01,1517,Smartphone,Beauty,357.0,36,No,3,5.0,29,Male,United Kingdom
2023-06-02,1518,Smartwatch,Beauty,305.0,73,Yes,0,4.0,19,Female,South Africa
2023-06-03,1519,Blush,Beauty,232.0,71,No,14,5.0,28,Female,Mexico
2023-06-04,1520,Headphones,Home & Garden,166.0,7,No,39,3.0,61,Female,Mexico
2023-06-05,1521,Sweater,Sports,331.0,55,Yes,11,4.0,45,Female,Brazil
2023-06-06,1522,Refrigerator,Home & Garden,245.0,57,Yes,21,4.0,35,Male,Brazil
2023-06-07,1523,Sweater,Beauty,83.0,83,No,21,3.0,30,Male,Canada
2023-06-08,1524,Laptop,Clothing,101.0,22,Yes,49,4.0,54,Male,United Kingdom
2023-06-09,1525,Hair Dryer,Electronics,161.0,25,No,46,4.0,39,Female,South Africa
2023-06-10,1526,Air Purifier,Sports,301.0,71,Yes,16,3.0,29,Female,Russia
2023-06-11,1527,Dumbbells,Sports,131.0,90,No,28,3.0,19,Male,Japan
2023-06-12,1528,Vacuum Cleaner,Home & Garden,281.0,8,Yes,45,5.0,54,Male,United Kingdom
2023-06-13,1529,Socks,Sports,276.0,17,No,13,0.0,24,Male,France
2023-06-14,1530,Refrigerator,Beauty,282.0,29,No,49,3.0,43,Female,France
2023-06-15,1531,Jeans,Beauty,270.0,73,No,19,3.0,43,Male,France
2023-06-16,1532,Nail Polish,Home & Garden,485.0,86,Yes,49,2.0,41,Female,Italy
2023-06-17,1533,Basketball,Beauty,462.0,65,Yes,47,4.0,29,Female,France
2023-06-18,1534,Yoga Mat,Clothing,471.0,4,No,32,3.0,33,Male,Spain
2023-06-19,1535,Yoga Mat,Home & Garden,91.0,30,No,42,0.0,40,Male,United States
2023-06-20,1536,Mascara,Clothing,70.0,28,Yes,14,3.0,57,Female,Brazil
2023-06-21,1537,Tennis Racket,Electronics,91.0,-9,Yes,11,3.0,26,Male,United Kingdom
2023-06-22,1538,Jeans,Clothing,446.0,52,Yes,39,4.0,49,Male,Brazil
2023-06-23,1539,Tablet,Electronics,162.0,18,Yes,19,5.0,32,Female,China
2023-06-24,1540,Smartphone,Electronics,154.0,94,Yes,29,4.0,54,Female,United Kingdom
2023-06-25,1541,Yoga Mat,Clothing,241.0,63,Yes,37,4.0,30,Female,United States
2023-06-26,1542,Skateboard,Home & Garden,66.0,55,No,2,0.0,22,Female,China
2023-06-27,1543,Wireless Earbuds,Beauty,169.0,40,Yes,27,1.0,28,Female,Italy
2023-06-28,1544,Mascara,Beauty,442.0,64,No,25,5.0,27,Male,Brazil
2023-06-29,1545,Eyeshadow Palette,Electronics,474.0,66,Yes,29,2.0,30,Female,China
2023-06-30,1546,Curtains,Electronics,178.0,-1,Yes,12,5.0,58,Female,Canada
2023-07-01,1547,Dress,Home & Garden,179.0,3,No,12,4.0,63,Female,Spain
2023-07-02,1548,Jeans,Sports,109.0,71,No,1,3.0,32,Male,South Africa
2023-07-03,1549,Treadmill,Clothing,97.0,40,Yes,36,5.0,59,Female,China
2023-07-04,1550,Perfume,Electronics,78.0,62,No,48,1.0,24,Female,United Kingdom
2023-07-05,1551,Laptop,Beauty,146.0,28,No,37,3.0,57,Female,France
2023-07-06,1552,Nail Polish,Home & Garden,59.0,17,No,1,0.0,45,Male,France
2023-07-07,1553,Basketball,Clothing,291.0,-8,No,35,3.0,49,Female,Mexico
2023-07-08,1554,Dining Table,Home & Garden,363.0,73,Yes,25,4.0,52,Female,Russia
2023-07-09,1555,Skirt,Clothing,493.0,59,No,10,1.0,32,Female,Japan
2023-07-10,1556,Coffee Maker,Clothing,281.0,16,Yes,7,2.0,53,Male,Brazil
2023-07-11,1557,Gaming Console,Electronics,326.0,-9,Yes,43,2.0,38,Male,Mexico
2023-07-12,1558,Curtains,Home & Garden,333.0,82,Yes,39,2.0,23,Male,Canada
2023-07-13,1559,Coffee Maker,Home & Garden,252.0,27,Yes,42,4.0,18,Male,United Kingdom
2023-07-14,1560,Wireless Earbuds,Beauty,296.0,-8,No,21,5.0,21,Female,United Kingdom
2023-07-15,1561,Coffee Maker,Beauty,339.0,5,No,19,0.0,28,Female,Mexico
2023-07-16,1562,Exercise Bike,Electronics,313.0,83,Yes,7,5.0,61,Male,South Africa
2023-07-17,1563,Lipstick,Electronics,492.0,29,Yes,28,2.0,43,Male,Australia
2023-07-18,1564,TV,Sports,263.0,-9,Yes,39,4.0,54,Female,Russia
2023-07-19,1565,Headphones,Beauty,249.0,70,Yes,25,2.0,40,Female,Mexico
2023-07-20,1566,Nail Polish,Clothing,482.0,30,No,29,3.0,46,Male,Spain
2023-07-21,1567,Blush,Home & Garden,128.0,1,Yes,16,4.0,38,Male,India
2023-07-22,1568,T-Shirt,Electronics,450.0,24,No,19,1.0,62,Male,Brazil
2023-07-23,1569,Curtains,Home & Garden,493.0,96,Yes,15,3.0,62,Male,United Kingdom
2023-07-24,1570,Football,Home & Garden,392.0,54,Yes,45,0.0,44,Female,Spain
2023-07-25,1571,Microwave,Sports,393.0,44,Yes,42,4.0,56,Male,Germany
2023-07-26,1572,Sofa,Beauty,222.0,34,Yes,6,4.0,57,Male,United Kingdom
2023-07-27,1573,Football,Electronics,118.0,68,No,15,1.0,30,Female,Australia
2023-07-28,1574,Wireless Earbuds,Home & Garden,465.0,79,No,44,3.0,40,Female,China
2023-07-29,1575,Tennis Racket,Electronics,477.0,90,No,46,5.0,33,Female,United States
2023-07-30,1576,Printer,Clothing,498.0,74,Yes,47,2.0,47,Female,Russia
2023-07-31,1577,Refrigerator,Sports,136.0,51,Yes,26,4.0,21,Female,United States
2023-08-01,1578,Basketball,Clothing,150.0,38,No,22,1.0,57,Male,South Africa
2023-08-02,1579,Hair Dryer,Electronics,57.0,84,No,23,4.0,33,Male,Germany
2023-08-03,1580,Basketball,Electronics,382.0,14,Yes,8,0.0,48,Male,Germany
2023-08-04,1581,Moisturizer,Beauty,249.0,12,Yes,34,5.0,59,Female,Russia
2023-08-05,1582,Football,Home & Garden,136.0,13,No,19,5.0,42,Male,Russia
2023-08-06,1583,Shorts,Home & Garden,92.0,27,Yes,36,5.0,61,Female,Japan
2023-08-07,1584,Hair Dryer,Clothing,434.0,17,Yes,41,3.0,29,Male,South Africa
2023-08-08,1585,Badminton Set,Sports,158.0,10,No,16,5.0,43,Male,Italy
2023-08-09,1586,Dumbbells,Home & Garden,484.0,43,Yes,46,4.0,54,Female,Russia
2023-08-10,1587,Refrigerator,Beauty,457.0,96,No,30,3.0,50,Female,Spain
2023-08-11,1588,Dining Table,Clothing,201.0,7,Yes,7,4.0,45,Male,United States
2023-08-12,1589,Dumbbells,Clothing,278.0,25,No,14,1.0,26,Male,China
2023-08-13,1590,Tennis Racket,Beauty,182.0,88,Yes,30,2.0,29,Male,Mexico
2023-08-14,1591,Jeans,Sports,197.0,34,No,29,5.0,22,Male,United States
2023-08-15,1592,Hair Dryer,Beauty,326.0,62,No,45,3.0,45,Male,Italy
2023-08-16,1593,Dress,Sports,281.0,42,No,19,4.0,52,Female,India
2023-08-17,1594,Dining Table,Beauty,363.0,91,No,38,3.0,22,Female,Brazil
2023-08-18,1595,Microwave,Beauty,464.0,19,Yes,11,5.0,51,Female,United States
2023-08-19,1596,Basketball,Electronics,415.0,49,Yes,48,0.0,63,Female,South Africa
2023-08-20,1597,Lipstick,Clothing,277.0,97,No,16,5.0,51,Male,France
2023-08-21,1598,Rug,Beauty,188.0,87,Yes,41,3.0,30,Male,Japan
2023-08-22,1599,Skirt,Beauty,485.0,21,Yes,29,2.0,56,Female,Australia
2023-08-23,1600,Hair Dryer,Home & Garden,448.0,56,Yes,28,4.0,59,Male,Germany
2023-08-24,1601,Socks,Clothing,260.0,56,Yes,18,1.0,62,Female,South Africa
2023-08-25,1602,Moisturizer,Home & Garden,440.0,17,Yes,45,1.0,31,Male,India
2023-08-26,1603,Microwave,Clothing,77.0,33,No,10,4.0,28,Male,Mexico
2023-08-27,1604,Bed,Home & Garden,100.0,68,No,33,4.0,59,Male,Germany
2023-08-28,1605,Dress,Beauty,491.0,30,No,49,0.0,55,Female,South Africa
2023-08-29,1606,Jacket,Beauty,310.0,52,No,6,3.0,21,Female,Mexico
2023-08-30,1607,Hair Dryer,Electronics,310.0,12,Yes,43,3.0,50,Female,Japan
2023-08-31,1608,Football,Home & Garden,399.0,93,Yes,33,2.0,24,Female,Italy
2023-09-01,1609,Jeans,Sports,401.0,64,No,19,0.0,58,Male,United Kingdom
2023-09-02,1610,Lipstick,Electronics,57.0,37,Yes,49,5.0,25,Male,Russia
2023-09-03,1611,Jacket,Home & Garden,369.0,21,Yes,37,5.0,54,Male,India
2023-09-04,1612,Jeans,Home & Garden,187.0,46,No,23,0.0,27,Male,Russia
2023-09-05,1613,Printer,Electronics,87.0,89,Yes,9,4.0,60,Female,Canada
2023-09-06,1614,TV,Beauty,160.0,22,No,31,4.0,32,Male,India
2023-09-07,1615,Air Purifier,Home & Garden,417.0,13,No,14,3.0,55,Male,Spain
2023-09-08,1616,Shoes,Beauty,269.0,28,Yes,36,4.0,32,Male,Japan
2023-09-09,1617,Treadmill,Electronics,386.0,23,Yes,19,4.0,22,Female,Australia
2023-09-10,1618,Jacket,Beauty,272.0,45,No,2,4.0,46,Female,India
2023-09-11,1619,Facial Cleanser,Clothing,185.0,17,No,36,0.0,36,Female,Spain
2023-09-12,1620,Sweater,Sports,305.0,26,Yes,39,0.0,27,Male,Japan
2023-09-13,1621,Smartwatch,Home & Garden,409.0,-4,No,7,5.0,29,Female,China
2023-09-14,1622,Basketball,Sports,458.0,57,No,39,5.0,21,Male,Brazil
2023-09-15,1623,Jeans,Beauty,378.0,26,No,43,4.0,48,Male,United States
2023-09-16,1624,Microwave,Home & Garden,499.0,45,Yes,22,2.0,35,Male,China
2023-09-17,1625,Sofa,Beauty,483.0,54,No,39,1.0,33,Female,Japan
2023-09-18,1626,Football,Clothing,98.0,54,Yes,10,0.0,57,Female,France
2023-09-19,1627,Dining Table,Electronics,341.0,36,No,45,5.0,53,Male,United Kingdom
2023-09-20,1628,Sweater,Home & Garden,431.0,9,Yes,7,1.0,42,Male,United States
2023-09-21,1629,Badminton Set,Clothing,373.0,8,No,28,0.0,40,Female,France
2023-09-22,1630,Blush,Clothing,127.0,18,Yes,29,1.0,29,Female,Mexico
2023-09-23,1631,Foundation,Home & Garden,154.0,63,Yes,9,3.0,51,Female,Australia
2023-09-24,1632,Badminton Set,Beauty,218.0,49,Yes,38,4.0,53,Male,Germany
2023-09-25,1633,Shoes,Clothing,266.0,7,No,27,2.0,54,Male,Canada
2023-09-26,1634,Treadmill,Sports,427.0,81,No,48,1.0,20,Male,United States
2023-09-27,1635,Smartwatch,Clothing,168.0,24,No,35,3.0,26,Female,China
2023-09-28,1636,Basketball,Beauty,239.0,32,Yes,12,5.0,35,Female,United Kingdom
2023-09-29,1637,Dining Table,Beauty,304.0,84,No,31,4.0,60,Female,South Africa
2023-09-30,1638,Curtains,Sports,419.0,80,Yes,35,4.0,52,Male,Spain
2023-10-01,1639,Mascara,Clothing,315.0,0,No,36,4.0,51,Male,France
2023-10-02,1640,T-Shirt,Beauty,198.0,38,Yes,25,1.0,58,Female,Spain
2023-10-03,1641,Shorts,Home & Garden,213.0,27,Yes,21,0.0,31,Male,Japan
2023-10-04,1642,Facial Cleanser,Electronics,189.0,53,Yes,3,1.0,21,Female,United States
2023-10-05,1643,Jeans,Electronics,396.0,58,No,30,0.0,46,Male,Spain
2023-10-06,1644,Printer,Electronics,307.0,-3,No,17,4.0,58,Female,Germany
2023-10-07,1645,Wireless Earbuds,Clothing,423.0,23,No,37,0.0,62,Male,Russia
2023-10-08,1646,Eyeshadow Palette,Sports,318.0,37,Yes,23,2.0,32,Male,Japan
2023-10-09,1647,Skirt,Beauty,230.0,45,Yes,22,4.0,45,Female,France
2023-10-10,1648,Golf Clubs,Home & Garden,209.0,65,No,21,2.0,59,Female,Russia
2023-10-11,1649,TV,Home & Garden,400.0,91,No,1,1.0,33,Female,United Kingdom
2023-10-12,1650,Perfume,Clothing,449.0,54,No,30,4.0,29,Female,India
2023-10-13,1651,Dress,Electronics,337.0,20,Yes,10,3.0,22,Female,Spain
2023-10-14,1652,Skateboard,Clothing,337.0,-7,Yes,27,4.0,51,Male,Germany
2023-10-15,1653,Foundation,Sports,429.0,98,Yes,45,2.0,59,Female,Japan
2023-10-16,1654,Printer,Sports,275.0,39,Yes,31,3.0,18,Female,Germany
2023-10-17,1655,Nail Polish,Beauty,60.0,58,Yes,4,5.0,56,Female,Australia
2023-10-18,1656,Vacuum Cleaner,Beauty,59.0,19,No,37,4.0,49,Male,Russia
2023-10-19,1657,Laptop,Sports,320.0,77,Yes,9,4.0,43,Female,South Africa
2023-10-20,1658,Smartwatch,Sports,322.0,48,Yes,39,4.0,34,Female,Japan
2023-10-21,1659,Curtains,Sports,473.0,56,Yes,45,5.0,44,Female,United States
2023-10-22,1660,Tennis Racket,Clothing,451.0,64,Yes,23,3.0,41,Male,Mexico
2023-10-23,1661,Golf Clubs,Sports,232.0,34,Yes,34,4.0,52,Male,South Africa
2023-10-24,1662,Jacket,Home & Garden,202.0,-7,No,43,0.0,63,Female,Mexico
2023-10-25,1663,Gaming Console,Electronics,364.0,15,Yes,47,5.0,59,Male,India
2023-10-26,1664,Moisturizer,Sports,383.0,16,Yes,22,4.0,56,Female,India
2023-10-27,1665,Blush,Electronics,173.0,35,Yes,16,4.0,43,Male,Mexico
2023-10-28,1666,Smartphone,Clothing,163.0,96,No,0,5.0,55,Female,Spain
2023-10-29,1667,Bed,Electronics,327.0,53,No,30,4.0,40,Male,Canada
2023-10-30,1668,Skirt,Clothing,463.0,80,No,30,1.0,39,Female,Germany
2023-10-31,1669,TV,Home & Garden,262.0,95,Yes,41,2.0,21,Female,Italy
2023-11-01,1670,Microwave,Clothing,221.0,40,No,41,5.0,26,Male,China
2023-11-02,1671,Blush,Clothing,337.0,39,Yes,33,3.0,21,Female,India
2023-11-03,1672,Headphones,Beauty,484.0,-5,Yes,8,5.0,24,Female,South Africa
2023-11-04,1673,Football,Sports,223.0,48,No,21,3.0,40,Female,India
2023-11-05,1674,Camera,Sports,162.0,4,Yes,12,4.0,19,Female,Italy
2023-11-06,1675,Treadmill,Home & Garden,425.0,19,Yes,24,1.0,41,Male,Italy
2023-11-07,1676,Jacket,Home & Garden,454.0,31,Yes,47,2.0,57,Female,Australia
2023-11-08,1677,Eyeshadow Palette,Sports,171.0,90,No,17,0.0,48,Male,Brazil
2023-11-09,1678,Badminton Set,Beauty,81.0,26,Yes,11,5.0,64,Male,Australia
2023-11-10,1679,Vacuum Cleaner,Sports,271.0,31,Yes,39,4.0,48,Male,Australia
2023-11-11,1680,Wireless Earbuds,Beauty,168.0,90,No,16,4.0,64,Male,Brazil
2023-11-12,1681,Coffee Maker,Home & Garden,88.0,24,Yes,14,4.0,57,Female,Germany
2023-11-13,1682,Jacket,Electronics,317.0,76,Yes,41,4.0,60,Female,Japan
2023-11-14,1683,Badminton Set,Home & Garden,282.0,-5,No,14,4.0,51,Male,United Kingdom
2023-11-15,1684,Tablet,Home & Garden,480.0,57,Yes,14,1.0,41,Female,China
2023-11-16,1685,Blush,Clothing,67.0,7,Yes,38,4.0,43,Male,Italy
2023-11-17,1686,Dress,Clothing,198.0,62,Yes,12,5.0,33,Female,India
2023-11-18,1687,Nail Polish,Clothing,446.0,18,Yes,16,0.0,64,Female,Canada
2023-11-19,1688,Air Purifier,Clothing,198.0,66,Yes,31,1.0,30,Female,China
2023-11-20,1689,Socks,Beauty,175.0,48,No,8,5.0,32,Male,Mexico
2023-11-21,1690,Air Purifier,Sports,441.0,36,No,39,0.0,44,Male,Spain
2023-11-22,1691,Gaming Console,Electronics,351.0,6,No,19,4.0,21,Female,Japan
2023-11-23,1692,Lipstick,Home & Garden,409.0,98,No,25,2.0,33,Male,Brazil
2023-11-24,1693,Badminton Set,Beauty,287.0,85,Yes,26,4.0,47,Male,China
2023-11-25,1694,Smartphone,Electronics,184.0,11,Yes,20,3.0,61,Female,India
2023-11-26,1695,Tablet,Beauty,200.0,57,Yes,17,3.0,47,Male,China
2023-11-27,1696,Dress,Beauty,285.0,58,Yes,12,5.0,53,Female,United Kingdom
2023-11-28,1697,Air Purifier,Home & Garden,273.0,26,Yes,15,5.0,20,Female,Russia
2023-11-29,1698,Hair Dryer,Sports,252.0,94,No,8,4.0,39,Female,South Africa
2023-11-30,1699,Microwave,Clothing,305.0,38,No,11,0.0,39,Male,Brazil
2023-12-01,1700,Yoga Mat,Sports,135.0,2,Yes,43,3.0,29,Female,China
2023-12-02,1701,Golf Clubs,Home & Garden,199.0,23,Yes,37,3.0,38,Female,India
2023-12-03,1702,Camera,Home & Garden,284.0,98,Yes,18,4.0,21,Male,India
2023-12-04,1703,Eyeshadow Palette,Home & Garden,394.0,75,No,6,2.0,48,Male,China
2023-12-05,1704,Blush,Electronics,71.0,42,Yes,34,3.0,61,Male,Russia
2023-12-06,1705,Dumbbells,Sports,397.0,76,Yes,47,0.0,48,Male,Spain
2023-12-07,1706,Blush,Sports,334.0,40,Yes,17,1.0,40,Female,Germany
2023-12-08,1707,Facial Cleanser,Beauty,318.0,-8,No,15,5.0,37,Male,Canada
2023-12-09,1708,Sofa,Beauty,307.0,31,Yes,38,3.0,32,Male,France
2023-12-10,1709,Sweater,Beauty,78.0,87,No,3,4.0,40,Male,Australia
2023-12-11,1710,Sofa,Home & Garden,262.0,21,No,24,1.0,45,Male,Brazil
2023-12-12,1711,T-Shirt,Sports,485.0,98,No,31,4.0,33,Female,Spain
2023-12-13,1712,Tennis Racket,Home & Garden,332.0,40,No,39,3.0,54,Male,France
2023-12-14,1713,Football,Electronics,99.0,74,No,12,5.0,38,Female,Japan
2023-12-15,1714,Basketball,Beauty,144.0,35,No,44,4.0,32,Male,Japan
2023-12-16,1715,Jacket,Home & Garden,456.0,97,Yes,16,2.0,34,Female,India
2023-12-17,1716,Socks,Home & Garden,137.0,10,Yes,48,4.0,54,Female,Japan
2023-12-18,1717,Shorts,Electronics,93.0,33,Yes,36,2.0,30,Male,Germany
2023-12-19,1718,Facial Cleanser,Clothing,327.0,0,No,5,4.0,36,Female,Canada
2023-12-20,1719,Lipstick,Sports,220.0,92,Yes,18,3.0,47,Male,Italy
2023-12-21,1720,Hair Dryer,Clothing,470.0,57,No,12,0.0,62,Female,Spain
2023-12-22,1721,Shoes,Beauty,238.0,-10,No,25,1.0,35,Female,South Africa
2023-12-23,1722,Hoodie,Home & Garden,402.0,81,No,13,4.0,31,Female,Japan
2023-12-24,1723,Treadmill,Electronics,233.0,52,Yes,30,2.0,53,Male,United Kingdom
2023-12-25,1724,Smartphone,Electronics,52.0,13,No,3,3.0,53,Female,Italy
2023-12-26,1725,Tablet,Sports,240.0,88,No,38,4.0,37,Male,Canada
2023-12-27,1726,Sweater,Clothing,167.0,2,Yes,7,0.0,36,Female,Mexico
2023-12-28,1727,Dining Table,Sports,68.0,87,Yes,24,3.0,62,Female,Germany
2023-12-29,1728,T-Shirt,Home & Garden,72.0,0,No,12,1.0,61,Female,Russia
2023-12-30,1729,Jeans,Sports,462.0,89,No,31,3.0,24,Female,France
2023-12-31,1730,Wireless Earbuds,Electronics,79.0,40,Yes,37,2.0,61,Female,Canada
2024-01-01,1731,Dumbbells,Electronics,344.0,6,Yes,37,2.0,21,Female,Canada
2024-01-02,1732,Sweater,Beauty,157.0,88,Yes,27,4.0,51,Male,France
2024-01-03,1733,Gaming Console,Beauty,416.0,71,No,29,1.0,19,Male,Germany
2024-01-04,1734,Golf Clubs,Home & Garden,330.0,93,Yes,2,1.0,22,Male,Italy
2024-01-05,1735,Jeans,Clothing,177.0,75,Yes,27,5.0,27,Female,Russia
2024-01-06,1736,Refrigerator,Sports,278.0,13,Yes,2,3.0,49,Male,Japan
2024-01-07,1737,Air Purifier,Home & Garden,160.0,8,No,44,2.0,59,Female,India
2024-01-08,1738,Gaming Console,Beauty,185.0,26,Yes,33,3.0,58,Male,Brazil
2024-01-09,1739,Air Purifier,Sports,411.0,92,Yes,15,4.0,30,Male,Italy
2024-01-10,1740,Football,Beauty,235.0,74,Yes,21,3.0,56,Female,Russia
2024-01-11,1741,Coffee Maker,Sports,193.0,-3,Yes,31,4.0,22,Female,France
2024-01-12,1742,Gaming Console,Clothing,121.0,17,Yes,37,2.0,27,Male,South Africa
2024-01-13,1743,Nail Polish,Home & Garden,178.0,-6,No,7,4.0,27,Male,France
2024-01-14,1744,Air Purifier,Sports,413.0,6,No,7,3.0,55,Male,Russia
2024-01-15,1745,Air Purifier,Electronics,310.0,90,No,5,4.0,44,Male,France
2024-01-16,1746,Tennis Racket,Electronics,52.0,25,Yes,13,5.0,38,Female,France
2024-01-17,1747,Lipstick,Sports,498.0,8,No,31,4.0,25,Male,Brazil
2024-01-18,1748,Football,Sports,437.0,53,No,34,3.0,18,Female,Spain
2024-01-19,1749,Vacuum Cleaner,Sports,153.0,80,No,9,3.0,45,Female,Brazil
2024-01-20,1750,Skirt,Electronics,273.0,87,Yes,2,3.0,56,Male,Japan
2024-01-21,1751,Printer,Electronics,369.0,0,Yes,11,2.0,31,Female,China
2024-01-22,1752,Yoga Mat,Sports,411.0,43,No,48,2.0,38,Male,China
2024-01-23,1753,Socks,Beauty,403.0,34,No,30,5.0,47,Female,United States
2024-01-24,1754,Dress,Beauty,59.0,36,Yes,28,3.0,38,Female,Italy
2024-01-25,1755,Air Purifier,Clothing,454.0,1,Yes,4,4.0,26,Male,Italy
2024-01-26,1756,Moisturizer,Home & Garden,433.0,10,No,24,4.0,34,Female,France
2024-01-27,1757,Curtains,Beauty,351.0,0,Yes,40,4.0,22,Female,France
2024-01-28,1758,Dress,Electronics,280.0,92,No,30,1.0,48,Male,Canada
2024-01-29,1759,Perfume,Beauty,268.0,81,Yes,20,5.0,57,Female,China
2024-01-30,1760,Basketball,Clothing,460.0,-6,No,19,2.0,55,Female,Japan
2024-01-31,1761,Camera,Clothing,115.0,70,No,38,5.0,60,Male,South Africa
2024-02-01,1762,Shorts,Home & Garden,474.0,45,Yes,21,5.0,36,Male,India
2024-02-02,1763,Smartwatch,Beauty,161.0,9,No,3,5.0,53,Female,United States
2024-02-03,1764,Facial Cleanser,Electronics,62.0,30,No,12,4.0,50,Female,Italy
2024-02-04,1765,Microwave,Electronics,442.0,35,No,44,1.0,30,Female,Mexico
2024-02-05,1766,Laptop,Sports,469.0,1,Yes,41,3.0,31,Male,Italy
2024-02-06,1767,Wireless Earbuds,Electronics,135.0,59,Yes,49,4.0,50,Female,United States
2024-02-07,1768,Rug,Home & Garden,283.0,6,Yes,48,3.0,46,Female,South Africa
2024-02-08,1769,Nail Polish,Home & Garden,139.0,8,No,19,0.0,60,Female,South Africa
2024-02-09,1770,Blush,Electronics,363.0,15,Yes,12,3.0,53,Female,Russia
2024-02-10,1771,Smartwatch,Electronics,103.0,37,No,16,3.0,61,Female,Mexico
2024-02-11,1772,Yoga Mat,Sports,61.0,97,No,35,3.0,27,Female,Mexico
2024-02-12,1773,Smartphone,Electronics,237.0,97,Yes,32,3.0,48,Male,Japan
2024-02-13,1774,Shorts,Sports,63.0,41,Yes,0,4.0,23,Male,Mexico
2024-02-14,1775,Dumbbells,Sports,170.0,85,No,14,5.0,18,Female,India
2024-02-15,1776,Facial Cleanser,Electronics,467.0,59,No,12,4.0,24,Female,Canada
2024-02-16,1777,Hair Dryer,Clothing,486.0,44,Yes,16,5.0,44,Male,Brazil
2024-02-17,1778,T-Shirt,Clothing,426.0,89,Yes,23,0.0,38,Male,South Africa
2024-02-18,1779,Sofa,Sports,353.0,91,Yes,7,5.0,45,Male,Australia
2024-02-19,1780,Coffee Maker,Electronics,124.0,64,No,49,1.0,33,Female,China
2024-02-20,1781,Microwave,Clothing,449.0,22,No,26,5.0,63,Female,France
2024-02-21,1782,Bed,Electronics,292.0,51,No,44,3.0,40,Female,Japan
2024-02-22,1783,Vacuum Cleaner,Electronics,272.0,77,No,22,2.0,37,Female,Spain
2024-02-23,1784,Hair Dryer,Electronics,119.0,12,No,45,4.0,55,Male,Russia
2024-02-24,1785,Dress,Beauty,361.0,4,Yes,7,3.0,42,Male,China
2024-02-25,1786,Yoga Mat,Electronics,260.0,16,Yes,7,1.0,45,Male,Italy
2024-02-26,1787,Exercise Bike,Beauty,150.0,64,No,25,2.0,22,Male,France
2024-02-27,1788,Lipstick,Sports,235.0,53,No,46,1.0,38,Female,Australia
2024-02-28,1789,Basketball,Clothing,181.0,70,Yes,12,0.0,35,Female,Italy
2024-02-29,1790,Smartphone,Clothing,160.0,40,Yes,38,1.0,64,Male,Mexico
2024-03-01,1791,Sofa,Clothing,430.0,42,Yes,36,3.0,23,Male,Australia
2024-03-02,1792,Moisturizer,Clothing,181.0,67,Yes,48,4.0,46,Male,Brazil
2024-03-03,1793,Camera,Clothing,69.0,80,No,27,3.0,36,Male,Russia
2024-03-04,1794,Air Purifier,Clothing,443.0,71,Yes,24,0.0,50,Male,Germany
2024-03-05,1795,Skirt,Clothing,73.0,81,No,15,1.0,18,Female,Australia
2024-03-06,1796,Smartwatch,Sports,276.0,40,Yes,1,4.0,62,Female,Italy
2024-03-07,1797,Treadmill,Electronics,203.0,36,Yes,17,4.0,20,Male,South Africa
2024-03-08,1798,Smartwatch,Home & Garden,342.0,-7,Yes,16,0.0,59,Male,Russia
2024-03-09,1799,Golf Clubs,Beauty,279.0,-4,No,29,4.0,38,Male,China
2024-03-10,1800,Tablet,Home & Garden,359.0,98,No,38,5.0,52,Female,United Kingdom
2024-03-11,1801,Dining Table,Home & Garden,408.0,24,Yes,12,1.0,58,Female,United Kingdom
2024-03-12,1802,Tennis Racket,Electronics,454.0,37,No,31,3.0,57,Female,Mexico
2024-03-13,1803,Tennis Racket,Electronics,251.0,62,No,49,3.0,20,Male,France
2024-03-14,1804,Wireless Earbuds,Electronics,87.0,61,Yes,28,5.0,42,Female,France
2024-03-15,1805,Wireless Earbuds,Clothing,479.0,34,Yes,45,2.0,62,Male,Germany
2024-03-16,1806,Jacket,Sports,326.5,70,No,29,2.0,55,Female,United Kingdom
2024-03-17,1807,Skirt,Clothing,237.0,70,No,17,3.0,62,Female,Spain
2024-03-18,1808,Sofa,Sports,106.0,86,No,12,1.0,37,Female,Italy
2024-03-19,1809,Shoes,Sports,478.0,85,Yes,42,2.0,61,Male,France
2024-03-20,1810,Printer,Home & Garden,69.0,61,Yes,20,0.0,62,Male,Australia
2024-03-21,1811,Perfume,Home & Garden,322.0,8,No,29,4.0,51,Female,France
2024-03-22,1812,Smartphone,Sports,168.0,52,Yes,20,4.0,38,Male,United States
2024-03-23,1813,Blush,Sports,120.0,27,Yes,47,5.0,40,Male,Germany
2024-03-24,1814,Dress,Clothing,53.0,56,No,16,3.0,23,Male,Spain
2024-03-25,1815,Headphones,Clothing,270.0,48,No,39,2.0,30,Male,Japan
2024-03-26,1816,Smartphone,Home & Garden,63.0,58,Yes,18,3.0,40,Male,India
2024-03-27,1817,Hair Dryer,Electronics,52.0,2,Yes,14,3.0,26,Male,Canada
2024-03-28,1818,Skateboard,Sports,265.0,36,No,8,4.0,34,Male,Russia
2024-03-29,1819,Dumbbells,Clothing,278.0,99,Yes,9,3.0,19,Female,India
2024-03-30,1820,Exercise Bike,Home & Garden,385.0,50,Yes,43,1.0,36,Male,Spain
2024-03-31,1821,Air Purifier,Clothing,235.0,20,No,30,4.0,36,Male,India
2024-04-01,1822,Treadmill,Sports,104.0,69,No,22,0.0,24,Female,Brazil
2024-04-02,1823,Gaming Console,Sports,437.0,85,Yes,29,5.0,59,Female,South Africa
2024-04-03,1824,Badminton Set,Beauty,425.0,11,Yes,32,5.0,59,Female,Spain
2024-04-04,1825,Coffee Maker,Electronics,303.0,82,Yes,8,5.0,37,Female,Spain
2024-04-05,1826,Exercise Bike,Beauty,73.0,75,No,46,3.0,26,Male,Russia
2024-04-06,1827,Tablet,Home & Garden,211.0,32,Yes,0,5.0,34,Female,Japan
2024-04-07,1828,Nail Polish,Clothing,207.0,56,Yes,43,2.0,44,Female,France
2024-04-08,1829,Jeans,Home & Garden,131.0,43,No,34,4.0,64,Male,South Africa
2024-04-09,1830,Smartphone,Sports,452.0,-1,No,10,4.0,19,Male,Brazil
2024-04-10,1831,Eyeshadow Palette,Beauty,208.0,31,Yes,33,1.0,53,Male,Italy
2024-04-11,1832,Smartwatch,Beauty,237.0,53,No,15,5.0,36,Female,India
2024-04-12,1833,Rug,Beauty,109.0,10,No,8,0.0,34,Male,Russia
2024-04-13,1834,Rug,Home & Garden,452.0,69,Yes,31,3.0,22,Female,Spain
2024-04-14,1835,Skirt,Sports,354.0,65,No,14,5.0,56,Male,Italy
2024-04-15,1836,Moisturizer,Clothing,368.0,55,No,11,1.0,35,Male,United States
2024-04-16,1837,Facial Cleanser,Clothing,415.0,30,Yes,32,4.0,24,Female,Canada
2024-04-17,1838,Dining Table,Home & Garden,260.0,13,No,44,4.0,34,Male,India
2024-04-18,1839,Hoodie,Beauty,455.0,24,Yes,13,4.0,56,Male,United Kingdom
2024-04-19,1840,Tennis Racket,Electronics,201.0,45,Yes,7,0.0,53,Male,Japan
2024-04-20,1841,Sofa,Home & Garden,158.0,19,No,7,5.0,57,Male,Japan
2024-04-21,1842,Shoes,Home & Garden,125.0,46,No,26,5.0,62,Male,Japan
2024-04-22,1843,Laptop,Sports,79.0,83,No,11,3.0,21,Female,Germany
2024-04-23,1844,T-Shirt,Clothing,363.0,36,Yes,0,0.0,55,Female,Germany
2024-04-24,1845,Badminton Set,Home & Garden,166.0,24,No,42,1.0,42,Male,Australia
2024-04-25,1846,Golf Clubs,Home & Garden,464.0,8,Yes,39,5.0,22,Female,Italy
2024-04-26,1847,Exercise Bike,Beauty,405.0,-3,No,41,3.0,47,Female,China
2024-04-27,1848,Golf Clubs,Beauty,241.0,15,No,10,1.0,29,Female,Canada
2024-04-28,1849,Nail Polish,Electronics,68.0,93,No,38,4.0,21,Male,Brazil
2024-04-29,1850,Exercise Bike,Sports,481.0,60,Yes,42,3.0,41,Male,Mexico
2024-04-30,1851,Shorts,Electronics,222.0,19,No,30,3.0,46,Male,South Africa
2024-05-01,1852,Rug,Beauty,277.0,-4,No,16,3.0,26,Female,South Africa
2024-05-02,1853,Hoodie,Clothing,399.0,56,Yes,32,0.0,21,Female,South Africa
2024-05-03,1854,Vacuum Cleaner,Beauty,232.0,54,Yes,31,2.0,41,Male,France
2024-05-04,1855,Exercise Bike,Sports,162.0,25,No,28,1.0,31,Male,India
2024-05-05,1856,Golf Clubs,Beauty,232.0,14,No,20,4.0,22,Female,Mexico
2024-05-06,1857,Yoga Mat,Sports,195.0,26,No,20,1.0,35,Female,China
2024-05-07,1858,Refrigerator,Sports,235.0,-10,Yes,39,4.0,59,Male,France
2024-05-08,1859,Hoodie,Sports,165.0,4,Yes,22,3.0,36,Female,Brazil
2024-05-09,1860,Rug,Sports,162.0,26,Yes,5,0.0,29,Female,South Africa
2024-05-10,1861,Foundation,Sports,300.0,2,Yes,21,5.0,35,Female,China
2024-05-11,1862,Skirt,Clothing,300.0,93,No,49,3.0,34,Female,France
2024-05-12,1863,Smartwatch,Electronics,352.0,-3,Yes,37,5.0,47,Female,United States
2024-05-13,1864,Curtains,Home & Garden,362.0,-6,Yes,36,5.0,41,Female,Mexico
2024-05-14,1865,Headphones,Electronics,167.0,49,Yes,44,0.0,28,Female,Germany
2024-05-15,1866,Wireless Earbuds,Sports,350.0,62,No,7,4.0,52,Male,Brazil
2024-05-16,1867,Skirt,Clothing,210.0,-10,No,40,1.0,40,Male,South Africa
2024-05-17,1868,Wireless Earbuds,Beauty,450.0,25,Yes,48,4.0,34,Female,Russia
2024-05-18,1869,Skirt,Clothing,247.0,24,Yes,34,4.0,18,Female,Canada
2024-05-19,1870,Socks,Sports,309.0,55,No,10,4.0,32,Female,United Kingdom
2024-05-20,1871,Refrigerator,Clothing,197.0,52,No,23,3.0,49,Male,United States
2024-05-21,1872,Smartwatch,Clothing,289.0,93,No,48,5.0,26,Male,Germany
2024-05-22,1873,Exercise Bike,Sports,96.0,12,No,20,0.0,32,Female,Japan
2024-05-23,1874,Camera,Clothing,448.0,-2,No,1,3.0,45,Male,Germany
2024-05-24,1875,Laptop,Home & Garden,247.0,23,No,39,1.0,41,Female,China
2024-05-25,1876,Dress,Home & Garden,96.0,35,No,18,2.0,52,Female,Spain
2024-05-26,1877,Mascara,Clothing,127.0,67,No,38,5.0,39,Female,Australia
2024-05-27,1878,Mascara,Beauty,173.0,-7,Yes,27,4.0,44,Female,United States
2024-05-28,1879,Moisturizer,Sports,124.0,19,Yes,16,4.0,36,Female,Japan
2024-05-29,1880,T-Shirt,Home & Garden,408.0,84,Yes,5,4.0,62,Female,China
2024-05-30,1881,Facial Cleanser,Beauty,186.0,91,Yes,18,4.0,29,Female,Spain
2024-05-31,1882,Dining Table,Clothing,139.0,64,Yes,37,3.0,37,Male,Brazil
2024-06-01,1883,Sweater,Beauty,449.0,88,Yes,27,4.0,18,Female,Canada
2024-06-02,1884,Treadmill,Electronics,374.0,61,No,1,5.0,38,Male,Germany
2024-06-03,1885,T-Shirt,Home & Garden,110.0,-8,No,37,0.0,62,Female,Mexico
2024-06-04,1886,Sweater,Clothing,187.0,3,Yes,36,0.0,18,Female,Russia
2024-06-05,1887,Gaming Console,Sports,99.0,49,Yes,3,0.0,27,Male,Brazil
2024-06-06,1888,Headphones,Clothing,308.0,66,No,21,4.0,64,Male,Japan
2024-06-07,1889,Skateboard,Sports,156.0,34,No,25,0.0,49,Female,China
2024-06-08,1890,Headphones,Clothing,162.0,85,No,48,5.0,56,Male,South Africa
2024-06-09,1891,Microwave,Beauty,399.0,23,Yes,42,0.0,39,Female,Australia
2024-06-10,1892,Tablet,Beauty,303.0,34,No,35,2.0,35,Female,South Africa
2024-06-11,1893,Dumbbells,Beauty,167.0,50,Yes,12,3.0,63,Male,Germany
2024-06-12,1894,Tablet,Electronics,247.0,72,Yes,31,2.0,49,Male,Russia
2024-06-13,1895,Vacuum Cleaner,Sports,386.0,91,No,16,4.0,44,Male,Canada
2024-06-14,1896,Curtains,Beauty,414.0,5,No,40,3.0,45,Male,Australia
2024-06-15,1897,Dumbbells,Electronics,100.0,55,Yes,35,3.0,35,Female,France
2024-06-16,1898,Nail Polish,Sports,294.0,29,No,45,1.0,56,Male,China
2024-06-17,1899,Jacket,Clothing,452.0,6,No,18,3.0,46,Male,Brazil
2024-06-18,1900,Sofa,Electronics,475.0,23,Yes,34,5.0,35,Male,Russia
2024-06-19,1901,Smartwatch,Home & Garden,84.0,95,No,45,3.0,61,Male,Italy
2024-06-20,1902,Shorts,Electronics,351.0,5,Yes,39,4.0,25,Male,Germany
2024-06-21,1903,Air Purifier,Electronics,459.0,91,Yes,27,4.0,48,Female,Spain
2024-06-22,1904,Foundation,Sports,118.0,49,No,0,5.0,51,Female,Germany
2024-06-23,1905,Bed,Clothing,398.0,55,Yes,41,2.0,24,Male,Japan
2024-06-24,1906,Sofa,Home & Garden,369.0,55,Yes,17,0.0,53,Male,Russia
2024-06-25,1907,Camera,Beauty,470.0,79,No,47,4.0,35,Female,Canada
2024-06-26,1908,Smartphone,Beauty,98.0,2,No,39,0.0,55,Male,United Kingdom
2024-06-27,1909,Smartwatch,Electronics,454.0,45,No,32,0.0,26,Female,Spain
2024-06-28,1910,Lipstick,Sports,123.0,20,Yes,11,3.0,26,Female,France
2024-06-29,1911,Jeans,Sports,241.0,23,Yes,7,1.0,63,Male,Australia
2024-06-30,1912,Coffee Maker,Beauty,310.0,28,No,23,3.0,25,Female,United States
2024-07-01,1913,Perfume,Home & Garden,405.0,56,Yes,15,4.0,52,Male,United States
2024-07-02,1914,Exercise Bike,Clothing,119.0,-3,No,49,2.0,35,Male,Russia
2024-07-03,1915,Hair Dryer,Home & Garden,139.0,76,No,3,2.0,22,Female,Germany
2024-07-04,1916,Shoes,Clothing,309.0,67,Yes,37,4.0,31,Female,Japan
2024-07-05,1917,Coffee Maker,Beauty,175.0,44,No,43,1.0,45,Male,India
2024-07-06,1918,Blush,Clothing,280.0,16,Yes,26,2.0,47,Female,Mexico
2024-07-07,1919,Vacuum Cleaner,Sports,344.0,82,Yes,8,4.0,21,Male,Russia
2024-07-08,1920,Printer,Electronics,468.0,92,No,46,1.0,56,Female,Germany
2024-07-09,1921,Coffee Maker,Electronics,178.0,42,Yes,15,3.0,37,Female,South Africa
2024-07-10,1922,Facial Cleanser,Beauty,329.0,28,No,11,4.0,42,Male,United States
2024-07-11,1923,Bed,Sports,362.0,54,Yes,30,4.0,45,Male,United States
2024-07-12,1924,Facial Cleanser,Home & Garden,149.0,6,Yes,23,5.0,29,Male,France
2024-07-13,1925,Rug,Sports,375.0,94,Yes,13,4.0,19,Female,Brazil
2024-07-14,1926,Mascara,Electronics,346.0,19,No,44,4.0,60,Male,India
2024-07-15,1927,Moisturizer,Electronics,231.0,42,Yes,24,4.0,31,Male,Germany
2024-07-16,1928,Skirt,Sports,223.0,2,No,33,5.0,39,Female,Spain
2024-07-17,1929,Coffee Maker,Sports,365.0,10,Yes,2,5.0,48,Female,France
2024-07-18,1930,Football,Electronics,413.0,8,Yes,23,5.0,40,Male,Spain
2024-07-19,1931,Smartphone,Home & Garden,237.0,42,No,41,4.0,37,Male,Japan
2024-07-20,1932,Gaming Console,Beauty,106.0,8,No,8,2.0,55,Male,France
2024-07-21,1933,Hair Dryer,Beauty,80.0,46,No,25,0.0,21,Male,Germany
2024-07-22,1934,Basketball,Sports,133.0,14,No,19,1.0,32,Female,China
2024-07-23,1935,Hoodie,Beauty,201.0,75,No,39,0.0,41,Female,Italy
2024-07-24,1936,Facial Cleanser,Electronics,85.0,20,Yes,9,4.0,42,Male,United Kingdom
2024-07-25,1937,Bed,Electronics,262.0,70,Yes,18,5.0,18,Male,Russia
2024-07-26,1938,Shoes,Sports,463.0,44,No,2,3.0,24,Male,Germany
2024-07-27,1939,Coffee Maker,Sports,457.0,12,Yes,23,5.0,48,Female,Canada
2024-07-28,1940,Air Purifier,Sports,413.0,21,Yes,4,3.0,29,Male,United States
2024-07-29,1941,Dining Table,Home & Garden,155.0,51,Yes,2,1.0,59,Male,India
2024-07-30,1942,Shoes,Beauty,463.0,63,No,26,3.0,22,Female,South Africa
2024-07-31,1943,Refrigerator,Sports,391.0,-1,Yes,15,0.0,61,Female,South Africa
2024-08-01,1944,Laptop,Clothing,269.0,89,Yes,48,4.0,59,Male,Spain
2024-08-02,1945,Blush,Clothing,440.0,61,Yes,14,5.0,55,Male,India
2024-08-03,1946,Coffee Maker,Electronics,212.0,43,No,34,0.0,29,Female,Russia
2024-08-04,1947,Shoes,Beauty,488.0,41,Yes,11,4.0,56,Male,Brazil
2024-08-05,1948,TV,Sports,269.0,9,Yes,40,4.0,35,Male,United Kingdom
2024-08-06,1949,Tablet,Clothing,319.0,21,No,43,3.0,19,Female,Canada
2024-08-07,1950,Facial Cleanser,Beauty,169.0,3,No,25,5.0,27,Female,United States
2024-08-08,1951,Dining Table,Electronics,215.5,39,Yes,46,5.0,32,Female,Italy
2024-08-09,1952,Perfume,Home & Garden,385.0,17,Yes,33,5.0,47,Male,South Africa
2024-08-10,1953,Mascara,Beauty,449.0,99,No,22,5.0,61,Female,Russia
2024-08-11,1954,Facial Cleanser,Beauty,231.0,42,No,30,5.0,34,Female,Russia
2024-08-12,1955,Blush,Home & Garden,155.0,13,No,49,3.0,21,Male,Spain
2024-08-13,1956,Shorts,Beauty,266.0,68,No,19,5.0,24,Male,Russia
2024-08-14,1957,Golf Clubs,Electronics,254.0,11,No,11,3.0,58,Female,India
2024-08-15,1958,Basketball,Electronics,119.0,19,No,22,3.0,48,Female,Canada
2024-08-16,1959,Hoodie,Home & Garden,93.0,52,No,3,1.0,56,Male,Mexico
2024-08-17,1960,Microwave,Sports,378.0,-7,Yes,22,5.0,51,Male,France
2024-08-18,1961,Tennis Racket,Clothing,350.0,66,No,47,5.0,23,Female,Brazil
2024-08-19,1962,Air Purifier,Sports,277.0,48,No,47,3.0,55,Female,Russia
2024-08-20,1963,Wireless Earbuds,Beauty,233.0,76,Yes,0,5.0,62,Male,Germany
2024-08-21,1964,Badminton Set,Clothing,156.0,-3,No,24,0.0,51,Female,Germany
2024-08-22,1965,Skirt,Home & Garden,133.0,71,No,1,2.0,61,Male,Russia
2024-08-23,1966,Badminton Set,Home & Garden,387.0,1,Yes,29,0.0,32,Female,China
2024-08-24,1967,Bed,Clothing,299.0,20,No,2,5.0,31,Male,Spain
2024-08-25,1968,Coffee Maker,Electronics,412.0,67,Yes,20,3.0,23,Male,Mexico
2024-08-26,1969,Eyeshadow Palette,Clothing,490.0,23,Yes,24,4.0,54,Female,United States
2024-08-27,1970,Microwave,Beauty,70.0,71,Yes,19,1.0,49,Female,Canada
2024-08-28,1971,Skirt,Electronics,287.5,87,Yes,48,4.0,20,Male,Australia
2024-08-29,1972,Dress,Home & Garden,227.0,64,No,21,5.0,20,Female,India
2024-08-30,1973,Socks,Clothing,466.0,94,Yes,20,4.0,39,Female,Japan
2024-08-31,1974,Microwave,Sports,56.0,65,Yes,32,5.0,39,Female,Japan
2024-09-01,1975,Headphones,Sports,119.0,38,No,37,5.0,27,Male,Germany
2024-09-02,1976,Wireless Earbuds,Beauty,176.0,68,Yes,14,5.0,20,Female,South Africa
2024-09-03,1977,Tablet,Sports,448.0,46,Yes,45,4.0,29,Female,Australia
2024-09-04,1978,Lipstick,Clothing,209.0,84,Yes,14,1.0,46,Male,Japan
2024-09-05,1979,Blush,Clothing,297.0,82,Yes,45,4.0,34,Female,United Kingdom
2024-09-06,1980,Shorts,Sports,252.0,15,No,24,1.0,24,Female,United Kingdom
2024-09-07,1981,Facial Cleanser,Clothing,197.0,7,Yes,20,5.0,30,Male,United States
2024-09-08,1982,Football,Beauty,192.0,85,No,23,0.0,19,Male,Australia
2024-09-09,1983,Facial Cleanser,Electronics,481.0,75,No,4,4.0,21,Female,United Kingdom
2024-09-10,1984,Bed,Beauty,248.0,27,Yes,5,3.0,27,Female,United Kingdom
2024-09-11,1985,Exercise Bike,Beauty,454.0,70,Yes,48,5.0,56,Male,Mexico
2024-09-12,1986,Facial Cleanser,Clothing,475.0,76,Yes,42,5.0,41,Male,Germany
2024-09-13,1987,Gaming Console,Electronics,203.0,77,Yes,47,3.0,34,Female,Japan
2024-09-14,1988,Skateboard,Clothing,425.0,39,No,43,5.0,23,Female,United States
2024-09-15,1989,Hair Dryer,Home & Garden,433.0,-3,No,46,3.0,36,Female,Canada
2024-09-16,1990,Eyeshadow Palette,Clothing,191.0,30,No,22,4.0,22,Male,Russia
2024-09-17,1991,Jacket,Clothing,362.0,-5,Yes,3,5.0,49,Female,France
2024-09-18,1992,Foundation,Clothing,214.0,58,No,26,3.0,27,Male,India
2024-09-19,1993,Lipstick,Electronics,363.0,33,Yes,17,0.0,26,Male,India
2024-09-20,1994,Tennis Racket,Clothing,70.0,53,Yes,20,2.0,44,Male,South Africa
2024-09-21,1995,Camera,Electronics,131.0,18,Yes,27,1.0,30,Female,Italy
2024-09-22,1996,Coffee Maker,Sports,118.0,17,Yes,34,0.0,36,Female,Brazil
2024-09-23,1997,Exercise Bike,Home & Garden,180.0,0,Yes,21,1.0,38,Female,France
2024-09-24,1998,Blush,Electronics,136.0,54,No,39,0.0,41,Male,Spain
2024-09-25,1999,Camera,Sports,267.0,96,No,22,0.0,55,Female,France
2024-09-26,2000,Tennis Racket,Electronics,470.0,8,Yes,2,2.0,21,Male,India
